Source,Target
Bartholomeus Van der Meren,00001599A
Jan Van Ponberghe,00001599A
Carel Van den Steen,00001599A
Antoon Van Schelle,00001599B
Abraham Gyoryns,00001599C
Jan Gyoryns,00001599C
Nicolaes Van Zeunen,00001599D
Fernand Bert,00001599D
Francois De Sainctsaule,00001599E
Denys Van Alsloot,00001599E
Philips Britseels,00001599F
Francois De Godts,00001599F
Nicolaes Van Rillaert,00001600A
Carel Lambrechts,00001600A
Hieronymus Van Orley,00001600A
Philips Matthys,00001600B
Jacques De Vries,00001600B
Christoffel Regybus,00001600C
Bartholomeus Van der Meren,00001600C
Willem Van Gent,00001600D
Carel Lambrechts,00001600D
Francois De Streu,00001600E
Peter Noveliers,00001600E
Daniel Ficquaert,00001600F
Jan Gotemans,00001600F
Joris Storm,00001600G
Carel Lambrechts,00001600G
Nicolaes Van Rillaert,1601
Carel Lambrechts,1601
Hieronymus Van Orley,1601
Jacques De Fayter,00001602A
Lenard Wauwermans,00001602A
Jan Van Bronckhorst,00001602A
Antoon Waelrant,00001602B
Gilbert Van Weenen,00001602B
Nicolaes Mertens,00001603A
Philips Van Bentem,00001603A
Cornelis De Bloyer,00001603A
Jan Baptist Grondone,00001603B
Gillis Claessens,00001603B
Hans Clunebris,00001603C
Bartholomeus Van der Meren,00001603C
Aert Bleter,00001604A
Adriaen Van Zinnick,00001604A
Adriaen Berckay,00001604B
Lenard Wauwermans,00001604B
Peter Van der Borcht,00001604C
Denys Van Alsloot,00001604C
Nicolaes Mertens,00001604D
Cornelis De Bloyer,00001604D
Philips Van Bentem,00001604D
Antoon Sammori,00001604E
Gillis Claessens,00001604E
Francois Tons,1605
Willem Van Worms,1605
Jan De Kemp,1605
Jacques De Fayter,1606
Nicolaes Van Rillaert,1606
Adriaen Van Zinnick,1606
Cornelis De Bloyer,1607
Jacques De Fayter,1607
Jan Mattheus,1607
Jan Van Botbergh,1608
Carel Van den Steen,1608
Jan Trippaert,1608
Jacques De Fayter,1609
Jan Gotemans,1609
Wouter Jacobs,1609
Willem Van Worms,00001610A
Antoon Van der Meren,00001610A
Hans Mennens,00001610A
Carel Herssel,00001610B
David Noveliers,00001610B
Willem De Moy,00001611A
Denys Van Alsloot,00001611A
Nicolaes Mertens,00001611B
Jan Van Botbergh,00001611B
Francois Van Schuddeput,00001611B
Jan Mattheus,1612
Jan De Kemp,1612
Augustyn Van der Venne,1612
Cornelis De Bloyer,1613
Jan Gotemans,1613
Carel Van den Steen,1613
Nicolaes Mertens,1614
Gaspar De Craeyer,1614
Jacques Regaets,1614
Nicolaes Mertens,1615
Willem Van Worms,1615
Gaspar De Craeyer,1615
Adriaen Van Zinnick,1616
Jan Trippaert,1616
Jan Bauwens,1616
Carel Van den Steen,1617
Jan Mattheus,1617
Maerten Heunis,1617
Wouter Jacobs,1618
Antoon Van der Meren,1618
Michiel De Bordeaux,1618
Nicolaes Mertens,1619
Augustyn Van der Venne,1619
Gillis Leyniers,1619
Jan Trippaert,1620
Jan Bauwens,1620
Gerard Van Hoochstadt,1620
Carel Van den Steen,1621
Jan Mattheus,1621
Willem Maheu,1621
Maerten Heunis,1623
Jan De Paege,1623
Gaspar Van Schoor,1623
Nicolaes Mertens,1624
Dominicus Seghers,1624
Gillis Leyniers,1624
Carel Van den Steen,1625
Maximiliaen Van der Elst,1625
Francois Van Obberghen,1625
Antoon Van Opstal,1626
Jan Van Rillaert,1626
Jan Mattheus,1626
Jan Vaillant,1628
Maerten Heunis,1628
Cornelis Van Bronckhorst,1628
Jan Vaillant,1629
Cornelis Van Bronckhorst,1629
Maerten Heunis,1629
Wouter Jacobs,1630
Gerard Van Hoochstadt,1630
Jan De Paege,1630
Jan Mattheus,1631
Jan Van Rillaert,1631
Jan Claerbodts,1631
Lucas De Kemp,1633
Antoon Sallaert,1633
Carel Van den Steen,1633
Jan Claerbodts,1636
Jan Bauwens,1636
Severyn Diertyts,1636
Cornelis Van Bronckhorst,1637
Gillis Leyniers,1637
Philips Van der Elst,1637
Maximiliaen Van der Elst,1638
Jan Vaillant,1638
Lucas De Kemp,1638
Antoon Van Opstal,1639
Peter Van der Borcht,1639
Carel Van den Steen,1639
Jan Claerbodts,1640
Gillis Van Blayenbergh,1640
Engel Van den Bosch,1640
Gerard Van Hoochstadt,1641
Peter Coppens,1641
Jan Bauwens,1641
Gerard Van Hoochstadt,1642
Peter Coppens,1642
Jan Bauwens,1642
Willem Van Graenenbroeck,1643
Severyn Diertyts,1643
Leo Van Heil,1643
Philips Van der Elst,1644
Jan Noveliers,1644
Jan Van Rillaert,1644
Philips Van der Elst,1645
Jan Noveliers,1645
Jan Van Rillaert,1645
Antoon Sallaert,1646
Jacques Nyts,1646
Antoon Van den Bossche,1646
Antoon Sallaert,1647
Jacques Nyts,1647
Antoon Van den Bossche,1647
Albert Fierens,00001648A
Peter [b] Van Gindertaelen,00001648A
Gillis Leyniers,00001648B
Daniel Van Heil,00001648B
Jacob Godsvriendt,00001648B
Jan Claerbodts,1649
Jan Van Velthoven,1649
Engel Van den Bosch,1649
Jan Noveliers,1650
Jan Schoreels,1650
Michiel Van Eeverenbroot,1650
Jan Noveliers,1651
Michiel Van Eeverenbroot,1651
Jan Schoreels,1651
Severyn Diertyts,00001652A
Cornelis Kerckjans,00001652A
Jan Jacobs,00001652A
Amatis Billaert,00001652B
Michiel Van Eeverenbroot,00001652B
Andries De Brauwer,00001653A
Willem Van Schoor,00001653A
Peter Hellinck,00001653B
Daniel Van Heil,00001653B
Hieronymus De Vadder,00001653C
Peter [b] Van Gindertaelen,00001653C
Gerard Meysens,00001653D
Jan Meysens,00001653D
Peter Meerts,00001653D
Lucas Viters,00001653E
Joos Van Craesbeeck,00001653E
Thomas Monnorino,00001653F
Charles Wautier,00001653F
Ignatius Van der Stock,00001653G
Louis De Vadder,00001653G
Louis Reysels,00001653H
Steven Stekeldoore,00001653H
Peter La Court,00001653I
Jan Baptist Sallaert,00001653I
Jan Denens,00001653J
Peter Meerts,00001653J
Louis Hernese Janvier,00001653K
Francisco Martini,00001653K
Jacob Rubens,00001653L
Peter Snayers,00001653L
Willem De Gyn,00001653M
Willem Van Schoor,00001653M
Antoon Stroobant,00001653N
Alexander Van Avont,00001653N
Stefano Gillis,00001653O
Antoon Van Opstal,00001653O
 Leyniers,00001653P
Jan Jacobs,00001653P
Jan Baptist Sallaert,00001653Q
Daniel Leyniers,00001653Q
Jan Van Rillaert,00001653Q
Hendrick Huysmans,00001653R
Jan Baptist Sallaert,00001653R
Daniel Van Heil,1654
Christoffel Goffin,1654
Jacob Godsvriendt,1654
Jacques Nyts,1655
Jacques Antoon De Meester,1655
Antoon Van den Bossche,1655
Jan Claerbodts,1656
Jacques Nyts,1656
Jacques Antoon De Meester,1656
Antoon Van den Bossche,1656
Jan Baptist Sallaert,1657
Jan Van Opstal,1657
Matthys Van den Bosch,1657
Jan Baptist Sallaert,1658
Jan Van Opstal,1658
Matthys Van den Bosch,1658
Peter [b] Van Gindertaelen,1659
Daniel Leyniers,1659
Carel De Swert,1659
Jan Arys,1660
Engel Van den Bosch,1660
Jan Claerbodts,1660
Cornelis Kerckjans,00001661A
Jan Cortois,00001661A
Hendrick Van Bronckhorst,00001661A
Francois Van Elewyck,00001661B
Peter Van der Borcht,00001661B
Coryn Haccadron,00001661D
Willem Piscador,00001661D
Cornelis Kerckjans,1662
Jan Cortois,1662
Hendrick Van Bronckhorst,1662
Gillis Van Tilborgh,00001663A
Jan Raes,00001663A
Matthys Van den Steen,00001663A
Peter Van der Maelen,00001663B
Jan [b] Jacobs,00001663B
Francois Volders,00001664A
Lucas Achtschellinck,00001664A
Francois Le Pies,00001664B
Gillis Van Tilborgh,00001664B
Simon Polkasier,00001664C
Melchior Sallaert,00001665A
Francois Ysenbaut,00001665A
Jan Gillis,00001665A
Jan Godtsvriendt,00001665B
Jan Ardyn,1666
Peter Van den Winckel,00001667A
Jan Cortois,00001667A
Hendrick Van Bronckhorst,00001667A
Willem De Gyn,00001667B
Jan Cortois,1668
Jan [b] Raes,1668
Hendrick Van Bronckhorst,1668
Peter Van den Winckel,1668
Daniel Vaillant,1669
Artus De Kemp,1669
Willem Piscador,1669
Christoffel Goffin,00001670A
Jan [b] Raes,00001670A
Jan Gillis,00001670A
Francois Coppens,00001670B
Judocus De Ridder,00001670B
Hendrick Van den Steen,00001670C
Bartholomeus Cortois,00001670C
Antoon Van Noye,00001670D
Willem Piscador,00001670D
Jacob Carlier,00001670E
Jan Gillis,00001670E
Artus De Kemp,00001670F
Jan Baptist Huygens,00001670F
Jan Baptist De Champaigne,00001670G
Christoffel Goffin,00001671A
Jan [b] Raes,00001671A
Jan Gillis,00001671A
Hendrick Van Bronckhorst,00001671A
Hendrick Libert,00001671B
Francois Ysenbaut,00001671B
Johannes Baptist De Backer,00001671C
Peter Jan Bout,00001671D
Melchior Sallaert,1672
Jan [b] Raes,1672
Michiel Van Bronckhorst,1672
Carel De Swert,00001673A
Peter Cortois,00001673A
Peter Van den Winckel,00001673A
Maerten De la Court,00001673B
Peter Seghers,00001673C
Jan Van Avont,00001673C
Peter Herrebos,00001673D
David Teniers,00001675A
Gelaude Daure Cour,00001675A
Carel De Swert,00001675B
Peter Van den Winckel,00001675B
Peter Cortois,00001675B
Jan [b] Raes,1676
Peter Hellinck,1676
Francois Coppens,1676
Peter Hellinck,00001677A
Jan [b] Raes,00001677A
Francois Coppens,00001677A
Cornelis Coppens,00001677B
Francois Coppens,00001677B
Francois Coppens,00001677B
Jacob Nys,00001677C
Reynold Cortkens,00001677C
Peter De Paepe,00001678A
Francois Ysenbaut,00001678A
Peter Van Orley,00001678B
Michiel Van Bronckhorst,00001678B
Francois Ysenbaut,00001678B
Peter Hellinck,00001679A
Francois [b] Coppens,00001679A
Peter Cortois,00001679A
Peter De Donderberghen,00001679B
Matthys Van den Bosch,00001679B
Matthys Van den Bosch,00001679B
Jan Francois Ysenbaut,00001679C
Peter Pepersack,00001679D
Hendrick Van Bronckhorst,00001679D
Jan [b] Raes,00001680A
Peter Hellinck,00001680A
Francois [b] Coppens,00001680A
Gerard Antoon Van Reykel,00001680B
Francois Thielen,00001680C
Antoon Goosens,00001680D
Jan Schoreels,00001680D
Jan Schoreels,00001680D
Francois Berbiers,00001680E
Michiel Coolemans,00001680E
Peter Pepersack,00001680F
Hendrick Van Bronckhorst,00001680F
Hendrick Van Bronckhorst,00001680F
Reynier Vrientschap,00001680G
Maerten De Kerck,00001680G
Michiel Lefebure,00001680H
Jan Odeyn,00001680H
Jan Baptist De Weerdt,00001680I
Judocus Van Dormael,00001680I
Jan Baptist De Mediena,00001681A
Hieronymus Galle,00001681B
Jacob Huysmans,00001681C
Willem Piscador,00001681D
Willem Van Rillaert,00001681D
Erasmus Crock,00001681D
Judocus Van Dormael,00001682A
Jan Baptist Crick,00001682A
Adriaen Francois Baudewyns,00001682B
Francois Ysenbaut,00001682B
Peter De Backer,00001682B
Christiaen Crocx,00001683B
Erasmus Crock,00001683C
Theodoor Van Heil,00001683C
Jan Baptist Timmermans,00001683C
Antoon Krick,00001683D
Artus De Kemp,00001683D
Laurys Van Rossum,00001683D
Leo Van Kerckhove,00001684A
Jan Baptist Van Heil,00001684A
Dromsens Smail,00001684B
Peter Lambillot,00001684C
Erasmus Crock,00001684D
Jan Baptist Timmermans,00001684D
Theodoor Van Heil,00001684D
Andries Van der Plancken,00001685A
Carolus Van Baeckegom,00001685B
Michiel Allaert,00001685C
Jan [b] Raes,00001685C
Christiaen Crocx,00001685C
Andries Van der Plancken,00001686A
Francois Ysenbaut,00001686A
Laurys Van Rossum,00001686A
Lieven Illewardus Van Achter,00001686B
Jacob Van der Heyden,00001686B
Gillis Wauters,00001686C
Charles Wautier,00001686C
Antoon De Vorster,00001686D
Peter Leermans,00001686D
 Cotina,00001686E
Maerten De la Court,00001686E
 Van der Borcht,00001686F
Lambert De Hondt,00001686F
Christiaen Crocx,00001687A
Lucas Achtschellinck,00001687A
Judocus Van Dormael,00001687A
Carel De Swert,00001687B
Judocus Van Overstaeten,00001687B
Carel De Swert,00001687B
Jacob De Rock,00001688A
Erasmus Crock,00001688A
Erasmus Crock,00001688A
Antoon De Veuster,00001688B
Peter Leermans,00001688B
Adriaen Frankien,00001688C
Peter Herrebos,00001688C
Adriaen Thielemans,00001688D
Peter Lambillot,00001688D
Jan [b] Raes,00001688E
Peter Van Orley,00001688E
Erasmus Crock,00001688E
Laurys Casier,00001688F
Carolus Van Baeckegom,00001688F
Ferdinand Colyns,00001689A
Carel Faeghe,00001689B
Jan Baptist Meskens,00001689B
Francois De Coster,00001689C
Francois Reps,00001689C
Lucas Achtschellinck,00001689D
[anonymous] ,00001689D
Francois Ysenbaut,00001689E
Joris Ringheler,00001689E
Thomas Pins,00001689E
Jan Timmermans,00001689F
Willem Asselman,00001689G
Hieronymus Ringheler,00001689G
Jan Baptist Timmermans,1690
Francois Reps,1690
Egidius Jan Schoreels,1690
Francois Ysenbaut,00001691A
Carolus Van Baeckegom,00001691A
Hieronymus Ringheler,00001691A
Dionysus Van Waeyenbergh,00001691B
Francois Berbiers,00001691C
[NN] Willemont,00001691D
Johannes Pletinckx,00001692A
Jan [b] Raes,00001692B
Raymandus Ringheler,00001692B
Matthys Schoevaert,00001692B
Jan [b] Raes,1693
Raymandus Ringheler,1693
Matthys Schoevaert,1693
Quireyn Van Nuvel,00001694A
Francois Ysenbaut,00001694A
Hieronymus Ringheler,00001694A
Hendrick Cortois,00001694B
Laurys Casier,00001694C
Carel Van Geel,00001694D
Peter Joseph Le Fils,00001694E
Jacob Van der Heyden,00001694F
[anonymous] ,00001694F
Jan Vaele,00001694G
Victor Janssens,00001694G
Hieronymus Ringheler,00001695A
Quireyn Van Nuvel,00001695A
Jan Baptist Maeseler,00001695A
Francois Ysenbaut,00001695A
Hubert Cosyn,00001695B
Jan Baptist Maeseler,00001695C
Jan Baptist Crick,00001695D
Reynier Ringheler,00001695E
Antoon Van Waeyenbergh,00001695F
Hieronymus Breughel,00001695G
Dionysus Van Waeyenbergh,00001695H
Egidius Waeyenborch,00001695H
Johannes Joseph Rottenburch,00001695I
Ferdinand Colyns,00001695I
Matthys Schoevaert,00001696A
Bartholomeus Jacobus Van der Hecht,00001696A
Hendrick Cortois,00001696A
Willem Blommaert,00001696B
Peter Van Orley,00001696B
Adriaen De Caron,00001696C
Francois Rinke,00001696D
Gaspar Van Turnhout,00001696E
Philips Mille,00001696F
Adriaen De Bie,00001696G
Ignatius De Bie,00001696H
Michiel Van Bronckhorst,00001696I
Francois Tilborgh,00001696J
Quireyn Van Nuvel,1697
Jan Baptist Crick,1697
Francois Berbiers,1697
Jan Van den Bock,00001698B
Hendrick Van Brouckhorst,00001698C
Florentin Serhuyghens,00001698D
Carel De Swert,00001698D
Carel De Swert,00001698D
Jan Van den Bosch,00001698E
Michiel Coolemans,00001698E
Hendrick Van Brouckhorst,00001698F
Peter Biddigir,00001698F
Jan Vaele,00001698G
Victor Janssens,00001698G
Bernard Van Han,00001698H
Francois De Bargas,00001698I
Thomas Pins,00001698I
Jan Baptist Noldens,00001698I
Augustyn Coppens,00001698J
Peter Bettens,00001698K
Theobald Michau,00001698L
Peter La Court,00001698M
Peter Le Bron,00001698N
Francois Van Bremt,00001698O
Francois Boelie,00001698P
 Roemart,00001698Q
Lieven Illewardus Van Achter,00001698R
Jan Foarge,00001698S
Hendrick Van Wel,00001698T
Jan Van Daele,00001698T
Peter Jacobs,00001698U
Carolus Van Baeckegom,00001698U
Francois Berbiers,00001699A
Jan Baptist Crick,00001699A
Victor Janssens,00001699A
Francois De Nef,00001699B
Carel Judocus Raes,00001699C
Michiel Van Cutsem,00001699D
Paulus Breughel,00001699E
Jacob Van der Bought,00001699F
Antoon Wenceslas Raymon,00001699G
Jacob Happrons,00001699H
Hendrick Van den Houten,00001699I
Ignatius De Hondt,00001699J
Theobald Michau,00001699K
Lucas Storck,00001699L
Adriaen De Caron,00001699L
Judocus Groenins,00001699M
Francois Tilborgh,00001699M
Hutoun Wermert,00001699N
Ferdinand Colyns,00001699N
Gaspar De Clerck,00001699O
 Backer,00001699O
Jan Van Daele,00001700A
Jan Baptist Maeseler,00001700A
Hendrick Van Brouckhorst,00001700A
Gillis Bouvin,00001700B
Jacob Van der Heyden,00001700C
Francois Van Schoor,00001700D
Andries Van der Elst,00001700E
Francois Jacqmin,00001700F
Jan Baptist Morels,00001700G
Jan Van der Heyden,00001700H
Peter Van Orley,00001700H
Jan Van Daele,00001701A
Jan Baptist Maeseler,00001701A
Hendrick Van Brouckhorst,00001701A
Adam Van Divoer,00001701B
David De Coninck,00001701C
Jan Carel Van Dynen,00001701D
 Van der Cappen,00001701E
Peter Janssens,00001701F
Lucas Stock,00001701G
Judocus Lamberto,00001701G
Francois De Schyn,00001701H
Michiel Coolemans,00001701H
Carel De Wit,00001701I
Michiel Van Cutsem,00001701I
 Hermans,00001701J
Jan Baptist Van den Broeck,00001701J
 Snaghels,00001701K
Ferdinand Colyns,00001701K
Matthys Coint,00001701L
Erasmus Crock,00001701L
Ludovicus Schoreels,00001702A
Francois De Bargas,00001702A
Philips Mille,00001702A
Hendrick Heretibaudt,00001702A
Willem Ringheler,00001702B
 Crick,00001702C
Herman Pilemans,00001702D
Joos Verhasselt,00001702E
Francois Quebout,00001702F
[NN] Van der Marcken,00001702G
Elisabeth Celdrin,00001702H
Catharina Van Stichel,00001702H
Michiel De Leeuw,00001702I
Ludovicus Schoreels,00001702I
Joseph Hellebosch,00001702J
Bartholomeus Jacobus Van der Hecht,00001702J
Francois De Bargas,00001703A
Philips Mille,00001703A
Ludovicus Schoreels,00001703A
Albert De Backer,00001703B
Antoon Barbiers,00001703C
[NN] Reysbracht,00001703D
Adriaen Pauwels,00001703E
Peter Van Orley,00001703E
Carel Judocus Raes,00001704A
Christiaen Crocx,00001704A
Hendrick Van den Houten,00001704A
Gerard Bauwens,00001704D
Adriaen De Caron,00001704D
Carel Judocus Raes,00001705A
Christiaen Crocx,00001705A
Hendrick Van den Houten,00001705A
Carel Jacobs,00001705B
Simon De Heucht,00001705C
Carel Judocus Raes,00001705C
Jan Van der Belen,00001705D
Michiel Van Cutsem,00001705D
[NN] Verheul,00001705E
Joseph Laboureur,00001705F
Hendrick Van den Houten,00001706A
Carel Judocus Raes,00001706A
Christiaen Crocx,00001706A
Johannes Der Coor,00001706B
Jacques Moreau,00001706C
Daniel Louis Planchon,00001706D
Joos Schutyser,11600
Jacques Van Rome,11600
Joos Steenarst,11602
Willem Van Worms,11602
Jan Van den Molen,11681
Willem Piscador,11681
Jan Baptist Gordyn,41688
Americus De Vreese,61602
Antoon Van Schelle,61602
Joos Rintvelt,61609
Adriaen Van Zinnick,61609
Joris Arys,71615
Jacques Van Worms,71615
Gaspar Van den Bemde,71654
Jan Volsom,101664
Andries Van den Hoecke,101690
Thomas Pins,101690
Dornaert Ringheler,111607
Wolfaert Wiedemans,01011639A
Everard Rurinckx,1021611
Peter Noveliers,1021611
Philips De Backer,1021614
Philips De Backer,1021614
Francois Tons,1021614
Hendrick De Bontridder,1031616
Nicolaes Mertens,1031616
Jan Gillis,01031651A
Cornelis Gillis,01031651A
Peter Gillis,01031651B
Cornelis Gillis,01031651B
Francois Coppens,01031651C
Engel Van den Bosch,01031651C
Laurys De Wemer,01031651D
Gerard Van Hoochstadt,01031651D
Erasmus Crock,01031651E
Lenard Nagels,01031651E
Willem Lambillot,1031657
Jacques Van den Porten,1031664
Michiel De Prins,1031664
Jan Baptist Bonnecroy,1031665
Jan Schoreels,1041649
Jan Raes,1041664
Francisco Brockin,01051650A
Gerard Van Hoochstadt,01051650A
Jan Vranckx,01051650B
Lambert De Prins,01051650B
Peter Hals,01061613A
Jan Van Velthoven,01061613A
Antoon Van den Bossche,01061613B
Cornelis Gillis,01061613B
Jan De Raet,1061617
Jan De Raet,1061617
Jacques Roddaert,1061617
Gillis Van Auwerkerck,1061676
Willem Van der Elst,1071621
David Ringheler,1071621
Jan Claerbodts,1071631
Cornelis Van Empel,1071643
Jacques Artois,1071643
David Sollay,1081622
Jan Van Velthoven,1081622
Francois Ceneville,01081637A
Jan Meysens,01081637A
Joos Van den Tempel,01081637B
Jacob De Backer,01081637B
Johan Baptist Bersier,1081647
Jacob De Backer,1081647
Lambert Van der Biest,1091627
Gerard Van Hoochstadt,1091627
Jan Cortvrindt,1091662
Jan Cortvrindt,1091662
Carel Alexander Van Geel,1091662
Jan Francois Coppens,1091678
Brixius Van der Elst,1101609
Jan Collaert,1101609
Hans Van den Eynde,1101611
Willem Van Diest,1101615
Hendrick De Vries,1101615
Peter De Maylder,1101666
Jan [b] Raes,1101666
Cornelis Gillis,1101669
Carolus Van Baeckegom,1101676
Thomas Pins,1101676
Jan [b] Raes,1101680
Jan Van den Bemde,1101680
Jan [b] Raes,1101680
Jan Baptist Maeseler,1101681
Francois Ysenbaut,1101681
Jan Timmermans,1111674
Hendrick Van Bronckhorst,1111674
Joris Ringheler,2011663
Jan De Prins,2011663
Peter Van Beckberghe,2051628
Jan Van Beckberghe,2051628
Christoffel Merlin,02051647A
Peter De Veuster,02051647A
Christoffel Goffin,02051647B
Lambert De Hondt,2051682
Jacob Van Waeyenbergh,2051682
Jacob Van Grimberghen,2061625
Jacob Van Grimberghen,2061625
Adriaen Van Zinnick,2061625
Gillis Donckerwolck,2061662
Lucas Achtschellinck,2061676
Simon Bijean,2061676
Jan Marines,2061690
Louis Van Schoor,2071677
Carel Lottemberg,2071677
Rombout De Morge,2071686
Michiel Coolemans,2071686
Philips Van der Vriesen,2081612
Godfried Rogaerts,2081612
Victor Janssens,2091675
Lanceloot Volders,2091675
Hieronymus Ringheler,2101689
Egidius Basavechia,2111693
Peter Soetemans,03021629A
Lanceloot Lefebure,03021629A
Herman Bruyens,03021629B
Francois Van Froonhoven,3031657
Philips Mille,3031675
Francois Ysenbaut,3031675
Jacob De Vries,3041607
Jacques Artois,3051634
Jan Mertens,3051634
Jacques Artois,3051634
Joos Hermans,3051675
Peter De Rauw,3051675
Christoffel Pauwens,3061617
Bernard Dierdone,3061617
Jan De Smedt,3071629
Leo Van Heil,3071629
Francois De Bacquelerot,3071641
Jan De Paege,3071641
Jan Van Daele,3071645
Richard Van Orley,3071645
Leo Van Heul,03071690A
Hendrick Heretibaudt,03071690B
Jacob Van der Heyden,03071690C
 Horick,03071690C
Michiel De Haese,3091610
Melchior Sallaert,3101631
Melchior Sallaert,3101631
Antoon Sallaert,3101631
Jan Marssche,3101651
Jan Baptist Van Heil,3101651
Adam Francois Van der Meulen,3101661
Thomas Pins,3101661
Engel Godtsvriendt,3101663
Gaspar De Craeyer,03111607A
Gaspar De Craeyer,03111607A
Joris Storm,03111607B
Jan Van Velthoven,3111610
[son of] Maerten De Vos,3111610
Hans Clement,3111611
Jan Mutet,3111614
Bernard Dierdone,3111614
Carel Philips Spierinckx,3111622
Willem Marquaet,03111643A
Wolfaert Wiedemans,03111643A
Jannes Van der Put,03111643B
Steven Stekeldoore,03111643B
Jan Kelders,3111666
Steven Stekeldoore,3111666
Jan Goddyn,3111668
Willem Lenaerts,3111668
Floris Van Bossuyt,4011612
Francois De Backer,4011612
Severyn Diertyts,4011624
Severyn Diertyts,4011624
Joris Donckerwolck,4011624
Jan Baptist De Carrion,4011647
Philips Van der Elst,4011647
Philips De Vadder,4021613
Quinten Symons,04021614A
Quinten Symons,04021614A
Peter Noveliers,04021614A
Carel Herssel,04021614B
Carel Herssel,04021614B
David Noveliers,04021614B
Jacob Verberghen,04021614C
Jacob Verberghen,04021614C
Gillis Claessens,04021614C
Jan Noveliers,04021614D
Jan Noveliers,04021614D
Peter Noveliers,04021614D
Hans Besoete,04021614E
Hans Besoete,04021614E
Jan Baptist Grondone,04021614E
Salomon Noveliers,04021614F
Peter Noveliers,04021614F
Gaspar Picron,4021624
Gaspar De Craeyer,4021624
Jan Waelens,04021631A
Peter Van der Borcht,04021631A
Jacques Domingo,04021631B
Francois Mossens,04021631B
Richard Van Orley,4031638
Francois Van Volxem,4041609
Gillis Claessens,4041609
Bernard Van Rampelbergh,4051614
Michiel De Haese,4051614
Peter Doms,4051623
Jan Bouillon,4051623
Johan Remy Christoffel,4051628
Willem Van Yperseel,4051628
Gelaude Fige,4051650
Antoon Sallaert,4051650
Jan Caffmeyer,4051667
Michiel Coolemans,4051667
Nicolaes Van den Schilde,04051681A
Peter Hendrickx,04051681B
Lucas Achtschellinck,04051681B
Johannes Francois Le Fils,4051682
Jan De Vos,4061616
Jan De Vos,4061616
David Noveliers,4061616
Jan Baptist Piscador,4061620
Alexander Bert,4061620
Michiel Van Grouchom,4071661
Gaspar Van Noye,4081693
Peter Van Orley,4081693
Lieven Van den Bosch,4091614
Jan De Kemp,4091614
Johannes Keelpachter,4091624
[widow of] Roeland Heussewiel,4091624
Jan Carel Van Bremt,4101663
Jan Carel Van Bremt,4101663
George Van Lemt,4111603
Hans Vooremans,4111603
Joos Van den Winckel,4111631
Joris Ringheler,4111669
Peter De Rauw,4111669
Peter De Rauw,4111669
Willem Van Graenenbroeck,4121610
Vincent Le Reimenants,4121610
Willem Van Graenenbroeck,4121610
Francois Van der Plas,5011619
Jan Baptist Maes,5011676
Hendrick Van den Steen,5011676
Jan [b] Raes,5011676
Joseph Laboureur,5011691
Jacob Van der Heyden,5011691
Hans Van Asbrock,5021608
Hans Van Asbrock,5021608
Antoon Steps,05021629A
Peter Coppens,05021629A
Abraham Sdrooghen,05021629B
Jan Van Waelant,05021629B
Louis Catalyn,05021629C
Jacques Faydherbe,05021629C
Arnold Van Overstraeten,5021630
Peter Busset,5021630
Jan Lenaerts,5021653
Joos Van Craesbeeck,5021653
Daniel Vaillant,05031651A
Gerard Van Hoochstadt,05031651A
Jan Vaillant,05031651A
Jan Baptist Claessens,05031651B
Gillis Claessens,05031651B
Joos Van den Bossche,05031651C
Engel Van den Bosch,05031651C
Carel Van den Steen,05031651D
Carel Van den Steen,05031651D
Louis De Vleeshouwer,05031651E
Daniel Van Heil,05031651E
Adam Francois Van der Meulen,05031651F
Peter Snayers,05031651F
Adam Francois Van der Meulen,05031651F
Joos Van Craesbeeck,05031651G
Joos Van Craesbeeck,05031651G
Joos Baptist Willeman,5041606
Philips Machobeus,5041606
Claude Rosel,05041619A
Michiel Van Werckhoven,05041619A
Germeyn Somers,05041619B
Gerard Van Hoochstadt,05041619B
Jan Baptist De Coninck,5041623
Servaes Coels,5041623
Maximiliaen Van der Elst,5051620
Maximiliaen Van der Elst,5051620
Joris Donckerwolck,5051620
Andries Broeckmans,5051678
Thomas Pins,5051678
Bastiaen Van Assche,5061620
Elias Geeraerts,5061620
Peter Cempen,5061626
Lucas De Kemp,5061626
Jacob Van den Dries,5061640
Jan Van Daele,5061640
Thomas Cortinck,5061652
Antoon Van Opstal,5061652
Jan Van der Bruggen,5061662
Gillis Van Tilborgh,5061662
Peter De Clerck,5071621
Jan Van Velthoven,5071621
Jan Geeraerts,05071640A
Elias Geeraerts,05071640A
Francois Raventarie,05071640B
Jan Van Bronckhorst,05071640B
Leo Van Heil,05081627A
Leo Van Heil,05081627A
Daniel Van Heil,05081627B
Leo Van Heil,05081627B
Abraham Van Avont,05081648A
Nicolaes Artois,05081648A
Adriaen Van den Broeck,05081648B
Gaspar De Craeyer,05081648B
Adriaen Goerries,05091616A
Jan Bauwens,05091616A
Raphael Van Arssen,05091616B
Jan Trippaert,05091616B
Willem Geeraerts,5101611
Jan Bauwens,5101611
Hans Goddaert,5111602
Francois Tons,5111602
Erasmus Lysmont,05111620A
Severyn De Kegel,05111620A
Otto Van Veen,05111620B
Huybrecht Van Waeyenbergh,5111673
Vincent Leers,6011607
Nicolaes Bertreyn,06011640A
Nicolaes Bertreyn,06011640A
David Noveliers,06011640A
Jan Van Daele,06011640B
Jan Van Daele,06011640B
Jacques Faydherbe,06011640B
Jacques Van Worms,06021610A
Willem Van Worms,06021610A
Hendrick Rota,06021610B
Michiel Geeraerts,06021610B
Francois Thierlinckx,6021663
Lanceloot Volders,6021663
Francois Van der Borcht,6041620
Lenard Wauwermans,6041620
Gerard Snellinckx,06051603A
Cornelis Gillis,06051603B
Jacques Roddaert,06051603B
Nicolaes Crick,6051616
Carel De Kemp,6051616
Hendrick Kegelaer,6051622
Jan Mattheus,6051622
Carel Ignatius Van Eefbergh,6051662
Peter [b] Van Gindertaelen,6051662
Michiel Benoot,6061606
Jan Van Bronckhorst,6061606
Severyn De Kegel,06061613A
Lenard Wauwermans,06061613A
Huybrecht De Vadder,06061613B
Philips De Vadder,06061613B
Francois De Clerck,6061619
Jan De Moralis,6061619
Willem Van Wede,6061623
Nicolaes Van den Hecke,6061623
Willem Van Wede,6061623
Ambrosius ,06071661A
Charles Wautier,06071661A
Peter Capuyns,06071661B
Peter Meerts,06071661B
Jacques Nyts,6081631
Antoon Van Opstal,6081631
Gaspar Levens,6101612
Jan Baptist Grondone,6101612
Jan Baptist De Wolf,6101621
Hans Van den Eynde,6101621
Romeyn Sanglier,6111624
Otto Van Veen,6111624
Gaspar Van Anderhaeghen,6111653
Jan Jacobs,6111653
Jan Meysens,7021629
Antoon Van Opstal,7021629
Michiel Bauwens,7031680
Nicolaes Letaer,7041638
Alexander Vermeulen,7051626
Godfried Allaert,7051626
Nicolaes Yperseel,07051640A
Wolfaert Wiedemans,07051640A
Johan Bourguignon,07051640B
Jan Ringheler,07051640B
Francois Ysenbaut,7051675
Philips Reyniers,7051675
Nicolaes Geraes,7061607
Francois Van Dipeldal,7061607
Jacques Van Severpel,7061613
Fernand Bert,7061613
Robert Maltum,7061640
Philips Van der Elst,7061640
Gillis Sandes,7061661
Wolfaert Wiedemans,7061661
Cornelis Jacobs,7071631
Wouter Jacobs,7071631
Francois Morren,7071646
Lucas De Kemp,7071646
Baptist Eghets,07081613A
Hendrick De Vries,07081613A
Jan Doms,07081613B
Michiel Hardies,07081613B
Nicolaes Van Yperseel,7081614
Willem Van Worms,7081614
Francois Mossens,7081618
Francois Mossens,7081618
Jan Trippaert,7081618
Jan Moenne,7081627
Adam Ditman,7081627
Jan Hubert,07101610A
Joris Storm,07101610A
Francois Van den Couter,07101610B
Wouter Janssens,07101610B
Hendrick Lierinck,7101664
Jan [b] Raes,7101664
Jan Baptist Torel,7111639
Leo Van Heil,7111639
Joris Vylant,07121613A
Jan Gotemans,07121613A
Willem Van den Eynde,07121613B
Michiel Geeraerts,07121613B
Jacob Bosdonck,07121647A
Joos De Neck,07121647B
Lucas De Kemp,07121647B
Jan Van Rillaert,8011614
Nicolaes Van Rillaert,8011614
Peter Hellinck,8011657
Daniel Van Heil,8011657
Jan Baptist Gillis,8011672
Jan De Haese,8021634
Antoon Van Opstal,8021634
Roeland Van der Schaemp,8031641
Jan Odeyn,8031641
Jacques Triccot,8031673
Jan Van den Bosch,8031673
Lanceloot Volders,8041650
Peter [b] Van Gindertaelen,8041650
Ludovicus Schoreels,8041672
Peter Coppens,8051603
Hieronymus Van Orley,8051603
Bernard Dierdone,08051607A
Jan Van der Vinne,08051607A
Francois Laureys,08051607B
Michiel De Bordeaux,08051607B
Jan Baptist Timmermans,8051672
Thomas Verhasselt,8051681
Carel De Swert,8051681
Augustyn De Boeck,08061606A
Michiel De Bordeaux,08061606A
Michiel Hardies,08061606B
Jacob Hanebal,08061606B
Peter Laseer,8061617
Augustyn De Boeck,8061617
Jan Ordas,8061618
Nicolaes Tassaert,8061618
Jan Odeyn,08071639A
Jacques Du Fay,08071639A
Michiel De Sainneville,08071639B
Jan Meysens,08071639B
Michiel De Sainneville,08071639B
Simon Lemmens,08071639C
Jan Meysens,08071639C
Francois Van Froonhoven,08071640A
Lenard Wauwermans,08071640A
Jacques Loots,08071640B
Nicolaes Schinckels,08071640B
Philips Ernest Pelgrin,08071640C
Jacques Faydherbe,08071640C
Francois Dervau,08071640D
Nicolaes Bertreyn,08071640D
Francois Le Grand,08071643A
Jan De Paege,08071643A
Jean Le Corbisier,08071643B
Jacob Van Grimberghen,08071643B
Lucas Achtschellinck,8071661
Andries Peter Du Bael,8071661
Jan Marines,8071665
Gillis Van Tilborgh,8071665
Augustyn Van der Keersen,8071679
Francois Van den Bemde,8071679
Passchier Luppens,8081606
Philips Van Bentem,8081606
Reynier Meganck,8081618
Godfried Rogaerts,8081618
Peter Busset,8081624
Peter Busset,8081624
Peter Noveliers,8081624
Francois De Bargas,8101692
Peter Eyckens,8101705
Joos De Neck,8121639
Lucas De Kemp,8121639
Francois Schoevaert,8121704
Paulus Van den Bossche,9011672
Lucas Waeykarts,9021623
Lucas Waeykarts,9021623
Francois Verbelen,9021623
Jacques Antoon De Meester,9031627
Lanceloot Lefebure,9031627
Nicolaes Schinckels,9031630
Philips Van der Elst,9031630
Francois Van Niverseel,09031653A
Alexander Van Avont,09031653B
Peter Van Gindertaelen,9041627
David Noveliers,9041627
Olivier De Coene,9051677
Jan De Raet,9061612
Jacques Roddaert,9061612
Jan Meetens,9061631
Angelus De Clerck,9061631
Gelaude Munier,09061636A
Jan Van Velthoven,09061636A
Jan Goriels,09061636B
Engel Van den Bosch,09061636B
Maerten Coeruchant,09061636C
Carel Van den Steen,09061636C
Jan Gillissone,09061636D
Cornelis Van Bronckhorst,09061636D
Denys Le Moen,9061705
Gaerele Van Bonter,9071609
Jacques De Fayter,9071609
Jan Van Daele,9071621
Jacques Faydherbe,9071621
Gillis Van Waeyenbergh,09071643A
Peter De Backer,09071643B
Louis De Peuter,9081607
Louis Van den Pleyne,9081607
Gratiaen De Meester,9091609
Jacob De Vries,9091609
Hieronymus Fluffens,9091615
Jan Van Aelst,09091619A
Jacob De Vries,09091619A
Maerten Van der Venne,09091619B
Maerten Van der Venne,09091619B
Jan De Duyts,09091619B
Nicolaes Van Bogarden,9101615
Dirick Janssens,9101615
David Noveliers,9111610
Peter Noveliers,9111610
Jan De Roy,9111628
Hieronymus Fluffens,9111628
Francois De Roota,9111629
Godfried Allaert,9111629
Jacob Marchant,09111692A
Peter Van Orley,09111692A
Peter De Vulder,09111692B
Peter Lambillot,09111692B
Nicolaes Sibrecht,9121614
Peter Noveliers,9121614
Michiel Benoot,09121614A
Michiel Benoot,09121614A
Jan Van Bronckhorst,09121614A
Jan Welcher,09121614B
Philips Britseels,09121614B
Theodoor Manteau,9121639
Peter Busset,9121639
Hans Monckernet,10011605
Maximiliaen De Groete,10011605
Jan Fremont,10011614
Jan Fremont,10011614
Hendrick De Vries,10011614
Jacques Artois,10011625
Jan Mertens,10011625
Jacob Van Seulper,10011626
Jacob Van Seulper,10011626
Fernand Bert,10011626
Jacques De Clerck,10011634A
Hendrick De Clerck,10011634A
Lenard Nagels,10011634B
Gelaude Cannaut,10011661
Ignatius Van der Stock,10011661
Cornelis Gillis,10021608
Jacques Roddaert,10021608
Adriaen Rombouts,10021653
Joos Van Craesbeeck,10021653
Ignatius De Backer,10021663
Jan Baptist Van Heil,10021663
Augustyn De Joncker,10021682
Laurys Van Rossum,10021682
Augustyn Requerant,10031603
Michiel De Bordeaux,10031603
Carel De Kemp,10031608A
Lucas De Kemp,10031608A
Matthys Le Roy,10031608B
Jacques Van der Laemen,10031616
Hendrick Leuvens,10031616
Jacques Van der Laemen,10031616
Albert De Ruyt,10031627
Melchior De la Marche,10031627
Antoon Leson,10031637
Michiel Benoot,10031637
Laurys Van Rossum,10031674
Jacob Van der Heyden,10031679
Adriaen Baudewyns,10031694
Adriaen Francois Baudewyns,10031694
Johannes Baptist Van Diest,10041694
Michiel De Bordeaux,10051612
Pierre Eusache,10051612
Balthasar Leshayeer,10051638
Godfried Allaert,10051638
Philips De Craen,10051639
Hieronymus Fluffens,10051639
Philips Van der Baeren,10051640
Maria De Waeyer,10051640
Jan De Sanghere,10051645A
Jacob De Backer,10051645A
Jan Van Vollesom,10051645B
Peter Van der Plas,10051645B
Hans Mennens,10061601
Wouter Jacobs,10061603
Jacques Tefeurs,10061609A
Hans De Smedt,10061609B
Jan Van Berlaghe,10061609B
Hans Van Kelegem,10061609C
Cornelis Gillis,10061609C
Ambrosius Van der Venne,10061637
Carel Lottemberg,10061676A
Willem Van Schoor,10061676A
Carolus Van Baeckegom,10061676B
Thomas Pins,10061676B
Jan Noveliers,10071605
Peter Noveliers,10071605
Eduaert Brom,10071607
Hans Van Overstraeten,10071611
Hendrick De Clerck,10071611
Jan Happaert,10071640
Jacques Faydherbe,10071640
Antoon Van den Hecke,10071649
Peter Snayers,10071649
Gillis Bossuyt,10071662
Antoon Van den Bossche,10071662
Denys Chounre,10071671
Carel De Swert,10071671
Bartholomeus Cortois,10071679
Gerard Van Serpenbergh,10081617
Francois De Godts,10081617
Philips Pickaert,10081636
Philips Britseels,10081636
Cornelis De Pooter,10081653
Jan Jacobs,10081653
Jacob De Bruyn,10081681
Matthys Schers,10101607
Michiel De Noye,10101607
Adam Ditman,10101609
Hendrick De Vries,10101609
Cornelis Kerckjans,10101627
Cornelis Kerckjans,10101627
Jacob Hanebal,10101627
Joos Dirckx,10101653
Nicolaes Artois,10101653
Johannes Maes,10111665
Hendrick Van Bronckhorst,10111665
Francois Reydams,10111666A
Jan Arys,10111666A
Michiel Coolemans,10111666B
Nicolaes Van den Schilde,10111668
Matthys Van den Bosch,10111668
Jan Van Gindertaelen,10111682
Huybrecht Van Waeyenbergh,10111682
Adriaen Francois Baudewyns,10111682
Jan De Potter,10121614
Jan Mattheus,10121614
Jan Battelier,10121618
Philips Britseels,10121618
Peter Schuyle,10121626
Willem Van Liefde,10121630
Francois Matthysens,10121630
Jan Baptist Herquiau,11011634
Jan De Vos,11011634
Philips Reps,11011694
Francois Reps,11011694
Philips Reps,11011694
Charles De Croy,11021647
Gaspar De Craeyer,11021647
Louis Van Schoor,11021678
Judocus Lamberto,11021680
Jacob De Peuter,11031645
Cornelis Kerckjans,11031645
Antoon Van Berenbroeck,11041623
Antoon Van Berenbroeck,11041623
Lanceloot Lefebure,11041623
Hendrick Van den Steen,11041669
Louis De Vleeshouwer,11061643
Daniel Van Heil,11061643
Simon Hardies,11081609
Jan Bouillon,11081609
Antoon Van der Meren,11091599A
Bartholomeus Van der Meren,11091599A
Hans Van Bentem,11091599B
Philips Van Bentem,11091599B
Jan Mertens,11091599C
Nicolaes Mertens,11091599C
Gaspar Boerchhet,11091606
Michiel Hardies,11091606
Ambrosius Van der Wienrien,11101602
Michiel De Bordeaux,11101602
Willem Van Beyeren,11101640
Jacques Van Worms,11101640
Daniel De Beet,11101661A
Peter Symons,11101661B
Willem Lesterbos,11111640A
Willem Lesterbos,11111640A
Peter Van der Vecken,11111640A
Nicolaes Artois,11111640B
Jacques Artois,11111640B
Nicolaes Michels,11111666
Erasmus Crock,11111666
Jan Van Cottem,11121640
Lucas De Kemp,11121640
Francois De Backer,12011605
Peter Van Conincxloo,12011605
Francois De Backer,12011605
Jacques Regaets,12011610
Joos Van Dooren,12011631
Geleyn Van Dooren,12011631
Leo Van Heil,12011631
Jan Van der Borcht,12011641
Severyn De Kegel,12011641
Peter Beser,12031616
Peter Noveliers,12031616
Francois De Gruyter,12031620
David Noveliers,12031620
Francois De Gruyter,12031620
Maerten Lambillot,12031641A
Maerten Lambillot,12031641A
Peter Francois Carega,12031641B
Antoon Van Opstal,12031641B
Peter Van Gindertaelen,12031641C
Jacques Faydherbe,12031641C
Willem Lauwers,12031641D
Maximiliaen Van der Elst,12031641D
Jan Baptist Piscador,12031641E
Alexander Bert,12031641E
Jacques Wauters,12031651
Antoon Van Beveren,12031651
Egidius Jan Schoreels,12031690
Willem Niemans,12041663
Erasmus Crock,12041663
Willem Van Beyeren,12051610
Jacques Van Worms,12051610
Lucas Van der Straeten,12051640
Everard Rurinckx,12051640
Gillis Van der Nieuwerstadt,12051660
Peter [b] Van Gindertaelen,12051660
Jan Baptist Van Geel,12051669A
Philips Van Dapels,12051669B
Jan Van den Bosch,12051672
Jan Claerbodts,12061608A
Jan Mattheus,12061608A
Philips De Backer,12061608B
Francois Tons,12061608B
Jan Arys,12061631
Jacques Van Worms,12061631
Cornelis Van den Dries,12061643A
Jan Geeraerts,12061643A
Jan Claessens,12061643B
Louis De Vadder,12061643B
Willem Moreau,12061643C
Peter Coppens,12061643C
Daniel Leyniers,12061645A
Nicolaes De Smedt,12061645B
Peter Van der Plas,12061645B
Carel Alexander Van Geel,12061645C
Jan Van Velthoven,12061645C
Salomon Noveliers,12061645D
David Noveliers,12061645D
Jacques Antoon De Meester,12061645E
Alexander Levens,12071608
Peter Noveliers,12071608
Jan Gerard Du Chateau,12071640
Jan Meysens,12071640
Jan Caffmeyer,12071676
Jacob Van Haettem,12071683
Lucas Achtschellinck,12071683
Nicolaes Pletinckx,12071686
Jan Van Daele,12071686
Dirick Caussens,12081609
Jacques Roddaert,12081609
Cornelis Floris,12081620
Cornelis Floris,12081620
Cornelis Floris,12081620
Cesar Hermans,12081653A
Willem Van Schoor,12081653A
Peter Van Waetom,12081653B
Jacques Artois,12081653B
Peter Philips Kavelleer,12081653C
Godfried Allaert,12081653C
Philips Boellon,12081653D
Peter De Backer,12081653D
Jan Bousou,12081661A
Jan Raes,12081661A
Jan Peneuner,12081661B
Bartholomeus Philipsens,12081661B
Willem Commys,12081661C
Wolfaert Wiedemans,12081661C
Victor Janssens,12081689
Jan Laurys De Brye,12091629
Angelus De Clerck,12091629
Gillis Penninckx,12091640
Lenard Wauwermans,12091640
Sennyn Van Eyck,12101603
Denys Van Alsloot,12101603
Michiel Peres,12101613A
Jacques Regaets,12101613A
Carel Montien,12101613B
Servaes Coels,12101613B
Joos De Vriendt,12101613C
Lucas Claessens,12101613C
Pierre Tassot,12101620
Lanceloot Lefebure,12101620
Jacob Mememans,12101623
Lenard Wauwermans,12101623
Gillis Bouvin,12101689
Jan Schoreels,12101689
Michiel De Noye,12111605
Philips Van Bentem,12111605
Jan De Roy,12111620
Jan De Roy,12111620
Servaes Coels,12111620
Jan De Prie,12121612
David Ringheler,12121612
Willem Lauwers,13011630
Maximiliaen Van der Elst,13011630
Francois Coppens,13011639A
Engel Van den Bosch,13011639A
Antoon Van der Keersen,13011639B
Peter Van Capenborcht,13011639B
Cornelis Huysmans,13011675
Peter De Winter,13011693
Erasmus Crock,13011693
Jan Verbelen,13021603
Francois Verbelen,13021603
Godfried Allaert,13021610
Antoon Van der Meren,13021610
Carel Van der Gucht,13021617A
Jan De Paege,13021617A
Louis Cousin,13021617B
Gillis Claessens,13021617B
Pangras Beeneken,13021618
Peter Coppens,13021618
Willem Klaret,13021651
Jacob De Backer,13021651
Peter Van Orley,13021661A
Willem Piscador,13021661B
Lucas Waeykarts,13031608
Francois Verbelen,13031608
Lanceloot Lefebure,13041609
Gillis Van Blayenbergh,13051633
Lanceloot Lefebure,13051633
Gillis Van Blayenbergh,13051633
Francois Morren,13051643
Daniel Van Schoor,13051643
Philips Schalie,13051650
Peter Schalie,13051650
Jacques Van Overstraeten,13061608
Willem Van Worms,13061608
Augustyn Van der Venne,13061609
Antoon Symons,13061643A
Jan Bauwens,13061643A
Peter Nys,13061643B
Peter Van Gindertaelen,13061643B
Daniel De la Fontaine,13071632
Jan Van Velthoven,13071632
Jacob Godsvriendt,13071634
Willem Van den Eynde,13071634
Jacob Godsvriendt,13071634
Laurys Van Andris,13071682
Cornelis Gillis,13071682
Thomas Van Greuls,13071682A
 De Vocht,13071682B
Peter ,13071686
Adriaen Francois Baudewyns,13071686
Hans Van den Eynde,13081608A
Antoon Van der Meren,13081608A
Fernand Van den Velde,13081608B
Jan Baptist Grondone,13081608B
Jan Van der Vliet,13081635A
Philips Van der Elst,13081635A
Antoon Fransman,13081635B
Antoon Van Beveren,13081635B
Louis Van den Pleyne,13101604
Nicolaes Van Nevele,13101604
Florentin Collineau,13101611
Philips Britseels,13101611
Jacques Artois,13101662
Cornelis Van Empel,13101662
Cornelis Van Empel,13101662
Jacques Wauters,13111646A
Antoon Van Beveren,13111646A
Jacob Coremans,13111646B
Peter Meerts,13111646B
Cornelis Goosens,13111646C
Antoon Van Opstal,13111646C
Jan Cortois,13111660A
Francois Raes,13111660A
Jan Raes,13111660B
Francois Pauwels,13111660B
Eduaert Sanderlin,13111660C
Peter Snayers,13111660C
Jacques Baptist Blocheau,13111660D
Francois Ysenbaut,13111660D
Bernard De Wevere,13121611
Willem Van Graenenbroeck,13121611
Gillis Van Waeyenbergh,13121634A
Lucas De Kemp,13121634A
Jan De Post,13121634B
Jacob Van Grimberghen,13121634B
Lanceloot Jacobs,14011604
Fernand Bert,14011604
Maximiliaen Van der Elst,14011612
Joris Donckerwolck,14011612
Gaspar Van Vellhen,14011617
Jacques Roddaert,14011617
Michiel De Sainneville,14011636
Jan Meysens,14011636
Jacob Huysmans,14011693
Bartholomeus Dandelot,14021617
Antoon Sallaert,14021617
Jan Baptist Fabri,14031646
Jacques Artois,14031646
Charles Wautier,14031651
Vincent Muchet,14041605
Gillis Claessens,14041605
Antoon Sallaert,14041606A
Michiel De Bordeaux,14041606A
Wouter Janssens,14041606B
Raphael Coxie,14041606B
Lenard Verbruggen,14041620A
Joris Storm,14041620A
Lenard Verbruggen,14041620A
Peter Marckan,14041620B
Theodoor Sony,14041620B
Theodoor Sony,14041620C
Jan De Sony,14041620C
Theodoor Sony,14041620C
Jacques Francquart,14041620C
Jan Van Aelst,14041632A
Johannes Medard Van der Meren,14041632B
Maximiliaen Van der Elst,14041632B
Antoon Sapien,14041633A
Joos Van den Winckel,14041633A
Jan Uytenhoeven,14041633B
Lucas De Kemp,14041633B
Jan De Molder,14051643
Jan Odeyn,14051643
Simon Francois Baudewyns,14061644
[widow of] Croeystens,14061644
Joos Mossens,14061679
Maerten De Kerck,14071676
Jan Gillet,14081653
Jan Van Opstal,14081653
Charles Wautier,14081664
Francois Volsom,14081664
Gabriel Van den Eynde,14101608
Philips Britseels,14101608
Severyn Diertyts,14101615
Joris Donckerwolck,14101615
Jacob Godsvriendt,14101625A
Willem Van den Eynde,14101625A
Jan Daret,14101625B
Antoon Van Opstal,14101625B
Hans Goddaert,14111609
Jan Marco,14111610
Hendrick De Vries,14111610
Jan Van der Sanden,14111632A
Peter Coppens,14111632A
Charles Daret,14111632B
Gerard Van Hoochstadt,14111632B
Jan Ballais,14111644
Peter Van der Borcht,14111644
Michiel De Haese,14121601
Lenard Wauwermans,14121601
Willem Van Immerseel,15011616
Hendrick De Vries,15011616
Peter Van der Borcht,15011625
Peter Van der Borcht,15011625
Denys Van Alsloot,15011625
Francois Van Niverseel,15011644
Jan Baptist Van Heil,15011644
Carel Nore,15011650A
Boudewyn Bedet,15011650B
Francois Coppens,15011650C
Francisco Martini,15011650D
Nicolaes Van Herp,15021607A
Francois Tons,15021607A
Balthasar Bolion,15021607B
Cornelis De Bloyer,15021607B
Jan Marco,15021608
Hendrick De Vries,15021608
Wouter Janssens,15021610
Cornelis Gillis,15021642
Cornelis Gillis,15021642
Judocus Van Dormael,15021663
Jan Cortois,15021663
Michiel Fortuyn,15021667
Michiel Fortuyn,15021667
Johannes De Loes,15021667
Jan Baptist Tel,15021682A
Charles Wautier,15021682A
Peter Van der Belen,15021682B
Charles Wautier,15021682B
Hendrick Cortois,15021682C
Bartholomeus Cortois,15021682C
Jan Van Lyven,15031610
Cornelis Kerckjans,15031614A
Jacob Hanebal,15031614A
Peter Hendrickx,15031614B
Hendrick De Vries,15031614B
Jacques Foucquier,15031616
Jacques Foucquier,15031616
Artus Van Laecken,15031616
Peter Francois Carega,15031630
Antoon Van Opstal,15031630
Francois Reps,15031682
Hans Doms,15051613
Peter Van Potteloy,15051613
Peter Van Assche,15051618
Jan Baptist Grondone,15051618
Jan De Roy,15051628A
Louis De Vadder,15051628B
Louis Cousin,15051663
Tobias Schoonemans,15051663
Nicolaes Van Geel,15051677
Maerten Lambillot,15061618
Peter Adriaensen,15061644
Nicolaes Schinckels,15061644
Maerten Laerelinckel,15061649
Jan Wauters,15061649
Jan De Potter,15071632
Jacques Loots,15071641
Willem Lauwers,15071641
Francisco Martini,15071642
Gerard Van Hoochstadt,15071642
Antoon Daems,15071652
Carel Alexander Van Geel,15071652
Francois Reurbis,15071666
Artus De Kemp,15071666
Gaerue De Hey,15081627
Peter Bert,15081627
Peter Van der Meulen,15081653A
Adam Francois Van der Meulen,15081653A
Philips Reyniers,15081653B
Matthys Van den Steen,15081653B
Jan De Roy,15091610
Servaes Coels,15091610
Maerten Van der Venne,15091650
Maerten Van der Venne,15091650
Jan Baptist Noldens,15091667
Carel De Swert,15091667
Hans Van der Gucht,15101605
Jacques Roddaert,15101605
Pierre Eusache,15101610
Michiel De Bordeaux,15101610
Jan Claerbodts,15101615
Lanceloot Lefebure,15101615
Lanceloot Jacobs,15101619
Lanceloot Jacobs,15101619
Fernand Bert,15101619
Jan Vriendt,15101624
Jacques De Prins,15101624
Hans Besoete,15111605
Jan Baptist Grondone,15111605
Jan De Paege,15111613A
Jan De Paege,15111613A
Carel Van den Steen,15111613B
Carel Van den Steen,15111613B
Nicolaes Caussens,15111613C
Gillis Claessens,15111613C
Gillis Claessens,15111644
Philips Van der Elst,15111644
Lambert De Hondt,15111678
Jacques Faydherbe,15121601
Gillis Claessens,15121601
Jan Bouillon,15121606
Carsilis Faebiri,15121607
Jan Mertens,15121607
Americus De Vreese,15121613
Americus De Vreese,15121613
Antoon Van Schelle,15121613
Antoon Sallaert,15121632
Robert Dandelot,15121632
Francois Eyckens,15121666
Willem Van den Eynde,16011620
Willem Van den Eynde,16011620
Michiel Geeraerts,16011620
Peter Juwet,16011632
Jan De Vos,16011632
Michiel Coxie,16011636
Antoon Van Opstal,16011636
Willem Van Schoor,16011644A
Francois Mossens,16011644B
Francois Mossens,16011644B
Philips Vermeulen,16021613
Antoon Van der Meren,16021613
Daniel Ficquaert,16021615
Daniel Ficquaert,16021615
Jan Gotemans,16021615
Michiel Raes,16021668
Jan [b] Raes,16021668
Fernand De Baulx,16031620A
Fernand De Baulx,16031620A
Toussaint De Viennoen,16031620A
Abraham Van der Schriecke,16031620B
Abraham Van der Schriecke,16031620B
Baptist Gilgodt,16031620B
Antoon Boot,16041622
Michiel Geeraerts,16051609
Adam Geeraerts,16051609
Herman Lesterbos,16051612
Dominicus Seghers,16051612
Peter Heldenwiele,16051627
Nicolaes Caussens,16051627
Willem Van der Elst,16061626
Willem Van der Elst,16061626
David Ringheler,16061626
Peter Snayers,16061628
Peter Snayers,16061628
Sebastiaen Vranckx,16061628
Hendrick Carel Van Daele,16061675
Erasmus Crock,16061677
Floris Van Coudenbergh,16061677
Judocus Du Prenne,16061684
Jacob Van der Heyden,16061684
Theobald Michau,16061686
Lucas Achtschellinck,16061686
Christoffel Van Conincxloo,16061694
Nicolaes Pletinckx,16061694
Nicolaes Marius,16071605
Antoon Van der Meren,16071605
Johan Hermans,16071626A
Peter Bert,16071626A
Cesar Portiers,16071626B
Francois Mossens,16071626B
Francois Van den Bemde,16071677
Jan Baptist Van Boechout,16071686
Jan Baptist Van Heil,16071686
Jan Trippaert,16081600A
Alonso Samora,16081600B
Peter Meerynen,16081613
Peter Coppens,16081613
Peter Boerie,16081624
Jan De Moralis,16081624
Jan De Reyf,16081676
Lanceloot Volders,16081676
Huybrecht Corsyns,16081681
Philips Reyniers,16081681
Matthys Van Helmont,16091674A
Lucas Achtschellinck,16091674B
Peter Bedet,16091674B
Thomas De Clerck,16101614
Jan Mertens,16101614
Theodoor De le Roist,16101615A
Michiel Van Werckhoven,16101615A
Michiel Van Werckhoven,16101615B
Francois Van Obberghen,16101623A
Francois Van Obberghen,16101623A
Lenard Wauwermans,16101623A
Rombout Van Avont,16101623B
Rombout Van Avont,16101623B
Goiers Hack,16101623B
Jan Van der Venne,16111616A
Jan Van der Venne,16111616A
Jan De Daes,16111616A
Francois De Bois,16111616B
Francois De Bois,16111616B
Jan De Coster,16111616B
Gerard Van Hoochstadt,16121609
Michiel De Bordeaux,16121609
Peter Volckaert,16121632
Gaspar De Craeyer,16121632
Jacques Philippe Offhuys,16121649
Antoon Van Beveren,16121649
Philips Monnie,17011619
Willem Maheu,17011619
Philips [b] Sallaert,17011619
Andries De Buck,17011623
Coenraet Geeraerts,17011623
 Hubert,17011636A
Nicolaes Caussens,17011636A
Jan Verheven,17011636B
Jacob De Backer,17011636B
Engel Van den Bosch,17021623A
Engel Van den Bosch,17021623A
Carel Van den Steen,17021623A
David Ringheler,17021623B
Michiel Ringheler,17021623B
Francois Speecaert,17021642A
Jan Van Velthoven,17021642A
Peter De Backer,17021642B
Jacob Godsvriendt,17021642B
Godfried Van Huynegen,17021642C
Jan Jacobs,17021642C
Jan Merlin,17021672
Michiel Van Eeverenbroot,17051621A
Cornelis Van Eeverenbroot,17051621A
Michiel Huyez,17051621B
Willem Maheu,17051621B
Melchior Sallaert,17051621C
Antoon Sallaert,17051621C
Hans Borremans,17061605
Dominicus Seghers,17061605
Bartholomeus Knibbe,17061613
Gerard Van Hoochstadt,17061613
Severyn De Kegel,17061617
Severyn De Kegel,17061617
Lenard Wauwermans,17061617
Syllyst Willem Herquyauor,17071630
Ledorxen De Solyen,17071630
Quireyn Van Nuvel,17071680
Geleyn Van Ganseuvyck,17081617
Jan Van der Venne,17081617
Jan De Peuter,17081663
Albert Kalckruyter,17091626
Jan Van Velthoven,17091626
Jan De Willer,17091684
Michiel Allaert,17091684
Adriaen Thielemans,17091690
Hercules Gerwits,17101603
George Gerwits,17101603
Hans De Sanmore,17101613
Antoon Sallaert,17101613
Francois Van Orley,17101635
Hieronymus Van Orley,17101635
Antoon Nulaert,17111615
Dominicus Seghers,17111615
David Ringheler,17111627
David Ringheler,17111627
Hendrick Wauwermans,17111628
Lenard Wauwermans,17111628
Jan Arys,17111644
Antoon Sallaert,17111644
Louis Le Crohair,17111647
Jacques Faydherbe,17111647
Francois Floris,17121607
Baptist Floris,17121607
Fernand De Baulx,17121611
Toussaint De Viennoen,17121611
Cornelis Van Bronckhorst,17121621
Jan Van Bronckhorst,17121621
Lambert De Blondel,17121651A
Willem Lenaerts,17121651B
Peter Van Capenborcht,17121651B
Jan Noveliers,17121651C
Michiel Van Eeverenbroot,17121651C
Jan Schoreels,17121651C
Lucas Achtschellinck,17121657A
Peter Van der Borcht,17121657A
Lucas Achtschellinck,17121657A
Jacob Van den Dries,17121657B
Jan Van Daele,17121657B
Jacob Van den Dries,17121657B
Artus De Kemp,17121663
Antoon Carpentier,18011652
Peter [b] Van Gindertaelen,18011652
Hans De Grieck,18021603A
Antoon Van der Meren,18021603A
Willem Baetemans,18021603B
Abraham Greumens,18021603B
Louis Van den Pleyne,18021603C
Nicolaes Van Nevele,18021603C
Jan Verbelen,18021603D
Francois Verbelen,18021603D
Jacques Galle,18021613
Jan Trippaert,18021613
Peter Seghers,18021646
Dominicus Seghers,18021646
Hendrick Finet,18021647
Daniel Van Heil,18021647
Gerard Van Hoochstadt,18031604
Michiel De Bordeaux,18031604
Jacques Pezet,18031619
Gaspar De Craeyer,18031619
Steven Stekeldoore,18031640A
Steven Stekeldoore,18031640A
Antoon Van den Bossche,18031640A
Jacques Nyts,18031640B
Antoon Van Opstal,18031640B
Jan Doms,18031640C
Nicolaes Van der Vinne,18031640C
Nicolaes Van der Vinne,18031640C
Maerten Laureys,18031664
Francois Ysenbaut,18031664
Willem Governeur,18051616
Antoon Van der Meren,18051616
Adam Francois Van der Meulen,18051646A
Peter Snayers,18051646A
Gillis De Geldo,18051646B
Daniel Van Heil,18051646B
Hendrick Engels,18051646C
Nicolaes Van der Oost,18051646C
Johannes Thoomunaers,18061617
Michiel De Haese,18061617
Thomas Le Post,18061636A
Lambert De Prins,18061636B
Jan Van der Sanden,18061644A
Andries Gotemans,18061644B
Nicolaes Van der Maelen,18061644C
Jan Van Daele,18061644C
Gaspar De Craeyer,18061661
Thomas Lefebure,18061661
Simon Duchatel,18061662
Peter Balthasar Du Bael,18061662
Godfried Allaert,18071624
Godfried Allaert,18071624
Antoon Van der Meren,18071624
Gillis Francois Catiae,18071686
Maerten De la Court,18071686
Jan De Gruyter,18081618
Jan Noveliers,18081618
Erasmus Crock,18081639A
Lenard Nagels,18081639A
Antoon Allaert,18081639B
Jan De Paege,18081639B
Laurys Van Rossum,18081662
Matthys Van den Steen,18081662
Marcus Antoon Triccot,18091601A
Jacob Hanebal,18091601A
Hans Van Overstraeten,18091601B
Hendrick De Clerck,18091601B
Cornelis Van Eeverenbroot,18091610
Gaspar De Craeyer,18091610
Reynier Bernaerts,18091629
Nicolaes Caussens,18091629
Jan Steps,18091643A
Leo Van Heil,18091643A
Peter Achtschellinck,18091643B
Philips Van der Elst,18091643B
Philips Matthys,18101604A
Jacques De Vries,18101604A
Philips Matthys,18101604A
Peter Mertens,18101604B
Jacques Van der Borcht,18101604B
Raymandus Ringheler,18101665
Egidius De Backer,18101666
Jan Van Avont,18101675
Bartholomeus Jacobus Van der Hecht,18101690
Nicolaes Janssens,18111609
Jan Trippaert,18111609
Peter Symons,18111661
Govard Van Beneden,19011617
David Ringheler,19011617
Nicolaes Van der Vinne,19011632
Jan Doms,19011632
Reynier Ringheler,19031694
Francois De Gruyter,19041613
David Noveliers,19041613
Jan Bauwens,19051611A
Du[] Bauwens,19051611A
Jan Bauwens,19051611A
Nicolaes Tassaert,19051611B
Jan Mattheus,19051611B
Bartholomeus Jacobus Van der Recht,19051683
Hendrick Van Bronckhorst,19051683
Gregorius Refyn,19061603
Servaes Coels,19061603
Charles Hendrickx,19061644
Jan Van Bronckhorst,19061644
Jan Cornelis De Ridder,19061645A
Jacques Artois,19061645A
Joris De Loeys,19061645B
Jan Van Bronckhorst,19061645B
Philips Reyniers,19061668
Michiel Bauwens,19061668
Nicolaes Van Bellinghen,19081613
Dominicus Seghers,19081613
Jan Vaillant,19081625
Jan Soetemans,19081625
Jan Vaillant,19081625
Leo Van Heil,19091600
Peter Albrecht,19091601
Jan Leonardi,19091673
Raphael Herinckx,19111612
Jacob De Vries,19111612
Marcus Antone,19111624
Michiel De Bordeaux,19111624
Jan Kelders,19111673
Jan [b] Raes,19121670
Nicolaes Galle,19121670
Tancredi Isca,20011617
Lenard Wauwermans,20011617
Tobias Mynaert,20011638
Matthys Van den Steen,20011638
Gaspar Van Eyck,20011673
Ferdinand Colyns,20011673
Nicolaes Van Evere,20021601A
Lucas Van Evere,20021601A
Gillis Claessens,20021601B
Carel Soeer,20021613
Jan Collaert,20021613
Maerten Governeur,20021619A
Angelus De Clerck,20021619A
Angelus De Clerck,20021619B
Angelus De Clerck,20021619B
Willem Maheu,20021619B
Jan Doms,20021625
Jan Doms,20021625
Michiel Hardies,20021625
Joos Van Hamme,20021642A
Gaspar De Craeyer,20021642A
Carel Nore,20021642B
Lucas De Kemp,20021642B
Peter Cortois,20021672
Francois Van den Bossche,20021689
Hans Seraelst,20031607A
Jan Gotemans,20031607A
Francois De Neer,20031607B
Hans Mennens,20031607B
Alexander Van Avont,20031640A
Antoon Van Opstal,20031640A
Laurys De Wemer,20031640B
Gerard Van Hoochstadt,20031640B
Francois De Smedt,20031640C
Peter Van der Plas,20031640C
Gerard De Ruel,20041648
Daniel Van Heil,20041648
Johannes Maes,20041683
Francois Vaeyendries,20051612
Francois Tons,20051612
Michiel De Prins,20051663A
Gabriel De Bruyn,20051663B
Nicolaes Caussens,20061606A
Gillis Claessens,20061606A
Philips De Vadder,20061606B
Nicolaes Van Nevele,20061606B
Godfried Rogaerts,20061611A
Simon Rogaerts,20061611A
Jan De Pre,20061611B
Hercules Gerwits,20061611B
Gelaude Habaert,20061620A
Gelaude Habaert,20061620A
Dominicus Seghers,20061620A
Joos Van den Winckel,20061620B
Hendrick De Vries,20061620B
Michiel De Goir,20061626A
Peter Busset,20061626A
Melchior De la Marche,20061626B
Louis Cousin,20061661
Jacob Van der Merken,20061683
Jacob Van der Heyden,20061683
Jan Pennens,20071624
Willem Van Graenenbroeck,20071624
Antoon Van Beveren,20071632
Hendrick Van den Steen,20071665
Antoon Sallaert,20081613
Michiel De Bordeaux,20081613
Lucas De Kemp,20081615
Jan De Kemp,20081615
Nicolaes Van Bellinghen,20081624
Nicolaes Van Bellinghen,20081624
Dominicus Seghers,20081624
Dominicus Seghers,20091604
Francois De Godts,20091604
Michiel Confaelt,20101609
Lanceloot Lefebure,20101609
Michiel Filier,20101637
Antoon Van Beveren,20101637
Antoon Boot,20111612
Maximiliaen De Groete,20111612
Hieronymus Ballais,20111646A
Peter Van der Borcht,20111646A
Willem De Kempeneer,20111646B
Leo Van Heil,20111646B
Hendrick Pie,20111689
Thomas Pins,20111689
Peter Lesserbomen,20121601
Philips Van Bentem,20121601
Maerten Heunis,20121608
Francois De Backer,20121608
Jacob Mahi,20121651
Jan Baptist Van Heil,20121651
Nicolaes Tassaert,21011614
Nicolaes Tassaert,21011614
Jan Mattheus,21011614
Antoon Van Opstal,21011616
Antoon Van Opstal,21011616
Jan Mattheus,21011616
Hendrick Vervoort,21011636
Gaspar De Craeyer,21011636
Quinten Symons,21021613
Philips Sergos,21021613
Adriaen Berckay,21031607
Nicolaes Oroer,21031638
Lenard Wauwermans,21031638
Jan Cornelis,21031643
Antoon Van Beveren,21031643
Maerten ,21041610
Philips Van der Baeren,21041649A
Antoon Britseels,21041649B
Philips Britseels,21041649B
Antoon Symons,21041649C
Toussaint De Viennoen,21061611
Gysbrecht Venus,21061611
Francois De Brye,21061612
Jan De Moralis,21061612
Willem Boulengier,21061622
Adriaen De Broe,21061628
Coenraet Geeraerts,21061628
Peter Meerts,21061640
Philips Van der Elst,21061640
Albert Van Loosvelden,21061644
Peter De Backer,21061644
Theodoor Van Heil,21061668
Jan Baptist Meskens,21061682
Peter Hedoys,21081631
Peter Coppens,21081631
Peter Van Capenborcht,21091626A
Engel Van den Bosch,21091626A
Bartholomeus Van der Vinne,21091626B
Carel Van den Steen,21091626B
Philips Sergos,21101607
Christoffel Sergos,21101607
Gillis Cleysens,21101623
Philips De Wander,21101623
Gillis Cleysens,21101623
Louis Ritsaert,21101630
Antoon Van Opstal,21101635
Jan Van Rillaert,21101635
Peter Coppens,21101635
Cornelis Van Conincxloo,21111604
Willem Van Worms,21111604
Jan Symons,21111623
Jan Noveliers,21111623
Nicolaes Jacobs,21111647
Cornelis Gillis,21111647
Nicolaes Bernaerts,21121630
Jan Mattheus,21121630
Dominicus Seghers,22011602
Antoon Mertens,22011626
Jan Van Rillaert,22011626
Gillis Janssens,22021600
Philips Van Bentem,22021600
Peter Cauwenie,22021614
Peter Cauwenie,22021614
Jan Meysens,22021634
Jan Meysens,22021634
Antoon Van Opstal,22021634
Peter Juwet,22021638A
Hendrick Geurickx,22021638B
Jacob Hanebal,22031611
Jacob Hanebal,22031611
Willem Piscador,22031662
Bastiaen Van den Ray,22031662
Adam Ditman,22041621
Adam Ditman,22041621
Hendrick De Vries,22041621
Peter Bert,22051618
Melchior Van Geldre,22051626
Severyn Diertyts,22051626
Lambert Sanghers,22051676
Jan Baptist Van Heil,22051676
Lenard Verbruggen,22061609
Joris Storm,22061609
Louis Van Grimberghen,22061611
Hans Mennens,22061611
Nicolaes Janssens,22061619
Jan Trippaert,22061619
Nicolaes Janssens,22061619
Hans Van Vichel,22061628A
Lenard Wauwermans,22061628A
Hans Van Vichel,22061628A
Michiel Van Eeverenbroot,22061628B
Michiel Van Eeverenbroot,22061628B
Cornelis Van Eeverenbroot,22061628B
Peter Van Gindertaelen,22061645
David Noveliers,22061645
Jan Demens,22061666
Willem Jacobs,22061668
Jan Ringheler,22061668
Hendrick Abbe,22061676
Andries Broeckmans,22061685
Jacob Van Schoens,22071606A
Jacques De Fayter,22071606A
Antoon Van Opstal,22071606B
Jan Mattheus,22071606B
Michiel Mertens,22081601
Nicolaes Mertens,22081601
Francois Meysens,22081607
Jan Trippaert,22081607
Jacob Weylinghen,22081644A
Daniel Van Schoor,22081644A
Simon Lemmens,22081644B
Thomas De Vos,22081644C
Thomas De Vos,22081644C
Peter Busset,22081644C
Hendrick Van Leeuw,22081644D
Antoon Sallaert,22081644D
Jan Baptist Rossinol,22081676
Peter Van der Plas,22091636
Gelaude Habaert,22091666
Gelaude Habaert,22091666
Jan Van der Bruggen,22091673
Hendrick De Vos,22091677
Lanceloot Volders,22091677
Hans Arens,22101601
Adriaen Poetterloo,22101601
Adriaen De Haever,22101610A
Michiel De Noye,22101610A
Nicolaes Matthys,22101610B
Augustyn De Boeck,22101610B
Jan Baptist Van Heil,22101643A
Leo Van Heil,22101643A
Cornelis Van der Bamen,22101643B
Andries Ingnatius Cosyn,22101666
Jan Volsom,22101666
Hans Van der Gucht,22111612
Jacques Roddaert,22111612
Cornelis Van Eeverenbroot,22111613A
Gaspar De Craeyer,22111613A
Maerten Reyers,22111613B
Gaspar De Craeyer,22111613B
Hubert De Corbasie,22111631
Jacob Van Grimberghen,22111631
Adriaen Francois Baudewyns,22111665
Ignatius Van der Stock,22111665
Adriaen Francois Baudewyns,22111665
Jan Baptist Sallaert,22121644
Antoon Sallaert,22121644
Philips Garsao,23011622
Gaspar De Craeyer,23011622
Thomas Van Schilde,23011694
Judocus Lamberto,23011694
Judocus Lamberto,23011694
Jacob De Meulder,23021629
Gillis Van Blayenbergh,23031622
Lanceloot Lefebure,23031622
Antoon Podevin,23041693
Matthys Schoevaert,23041693
Matthys Schoevaert,23041693
Willem De Moy,23051619
Willem De Moy,23051619
Denys Van Alsloot,23051619
Hans Van den Velde,23061607
Adriaen Van Zinnick,23061607
Jan Vaillant,23061612
Jan Gotemans,23061612
Gelaude Berne,23061622
Francois Matthysens,23061622
Peter Haemers,23061627
Robert Dandelot,23061648
Antoon Sallaert,23061648
Judocus Van Dormael,23061676
Gillis Leyniers,23071618
Gillis Leyniers,23071618
Willem Van Worms,23071618
Jan Cosyn,23071663
Willem Lenaerts,23071663
Hendrick Heymans,23091615
Godfried Rogaerts,23091615
Adriaen Van Zinnick,23101602
Bernard Dierdone,23101614
Antoon Warnier,23101625A
Angelus De Clerck,23101625A
Philips Van der Elst,23101625B
Philips Van der Elst,23101625B
Servaes Coels,23101625B
Philips Britseels,23111607
Adolf Van Nieuwenhuysen,23111616
Jan Bouillon,23111616
Theodoor Posthens,23111626
Adriaen Van den Broeck,23111631
Gaspar De Craeyer,23111631
Peter Van den Eede,24011622
Michiel Van Werckhoven,24011622
Gabriel Anselmus,24011641
Peter Van der Borcht,24011641
Jan Bastuyne,24011652
Michiel Benoot,24011652
Gelaude Le Francq,24021620
Michiel De Bordeaux,24021620
Antoon Coelemans,24021622A
Hans Goddaert,24021622A
Francois Van Boest,24021622B
Lenard Wauwermans,24021622B
Jochem Houvaet,24021622C
Jacques Roddaert,24021622C
Willem Van der Biest,24021645
Willem Lesterbos,24021645
Blaes Cleirbosch,24031615
Passchier Luppens,24031615
Peter Van Hoeck,24041626
Peter Van Hoeck,24041626
Tobias Verhaecht,24041626
Jan Van Waken,24041663
Jan [b] Jacobs,24041663
Willem Boulengier,24051615
Francois Tons,24051615
Francois Matthysens,24051622
Jan Mattheus,24051622
Peter Le Gruts,24051638
Jacques Faydherbe,24051638
Olivier De Coene,24051675
Raymandus Ringheler,24051675
Hans Van Vichel,24061604
Lenard Wauwermans,24061604
Jan Vaillant,24061632
Quinten Symons,24061632
Jan Van Bronckhorst,24061632
Joris Ringheler,24061654A
Peter Van den Winckel,24061654B
Joos Van den Winckel,24061654B
Willem Van Schoor,24061654C
Francois Ysenbaut,24061654D
Jan Van der Vinne,24061654E
Francois Van den Bemde,24061654F
Francois In den Vyl,24061654F
Jan Van den Bosch,24061654G
Engel Van den Bosch,24061654G
Jan Van den Bosch,24061654H
Leo [b] Van Heil,24061654H
Thomas La Quointe,24061654I
Leo Van Heil,24061654I
Jan Bael,24061654J
Wolfaert Wiedemans,24061654J
Jan Baptist Rossinol,24061654K
Maerten ,24061654K
Philips Van Dapels,24061654L
Jacques Artois,24061654L
Willem Van Berghen,24061654M
Willem Van Berghen,24061654M
Cornelis Van Bronckhorst,24061654M
Gerard Meysens,24061655A
Roeland Van der Schaemp,24061655B
Antoon Symons,24061655C
Jan Symons,24061655C
Jan Volsom,24061655D
Peter [b] Van Gindertaelen,24061655D
Michiel Coolemans,24061655E
Peter De Backer,24061655F
Antoon Van den Bossche,24061655F
Francois Monnaville,24061656A
Gaspar De Craeyer,24061656A
Hieronymus Zeti,24061656B
Gillis Van Tilborgh,24061656B
Jan Baptist Van der Bruggen,24061656C
Johannes De Loes,24061656C
Reynier Meganck,24061656D
Leo Van Heil,24061656D
Francois Toussaint,24061656E
Peter [b] Van Gindertaelen,24061656E
Jan Vastenavont,24061656F
Peter Snayers,24061656F
Francois De Smedt,24061657A
Jan Jacobs,24061657A
Christoffel Massaert,24061657B
Wolfaert Wiedemans,24061657B
Jan Baptist Borremans,24061657C
Michiel Sweerts,24061657C
Francois Paradis,24061657D
Jan Van Opstal,24061657D
Jan Raes,24061657E
Francois Ysenbaut,24061657E
Jan La Court,24061657F
Gillis Van Tilborgh,24061657F
Jan Van den Broeck,24061657G
Matthys Van den Steen,24061657G
Pierre Viviee,24061657H
Charles Wautier,24061657H
Willem Ruto,24061657I
Simon Duchatel,24061657I
Jan Jacobs,24061657J
Lanceloot Volders,24061657K
Peter [b] Van Gindertaelen,24061657K
Lanceloot Volders,24061657K
Gaspar Van Eyck,24061657L
 Van Uffel,24061657M
Jacob De Peuter,24061657N
Francois De Fosse,24061657O
Simon Duchatel,24061657P
Lenard Uytenhoeven,24061658A
Gaspar De Craeyer,24061658A
Jan De Berge,24061658B
Steven Stekeldoore,24061658B
Robert De Longe,24061658C
Jacob De Peuter,24061658C
Peter Van Es,24061658D
Peter Meerts,24061658D
Peter Kerckhove,24061658E
Jan Baptist Van Heil,24061658E
Jan Vinckx,24061658F
Gillis Van Tilborgh,24061658F
Willem Robyns,24061658G
Peter De Backer,24061658G
Alexander Van Hersen,24061658H
Jan Van Daele,24061658I
David Wauwermans,24061658J
Peter De Rauw,24061659A
Joris Ringheler,24061659A
Jan Christoffel Lotin,24061659B
Lucas Achtschellinck,24061659B
Jacob Francois Tacke,24061659C
Jan Van Opstal,24061659C
Hendrick Engelbert Leroues,24061659D
Francois Coppens,24061659D
Michiel Fortuyn,24061659E
Johannes De Loes,24061659E
Maximiliaen Van Liewe,24061660A
Francois Coppens,24061660A
Nicolaes Maes,24061660B
Hendrick Van Bronckhorst,24061660B
Adriaen Hernandus,24061660C
 Loosvelt,24061660C
Jan Fraeyenborch,24061660D
Gillis Van Tilborgh,24061660D
Gillis Van Auwerkerck,24061660E
Daniel Van Heil,24061660E
Michiel Van Nerve,24061660F
Michiel Van Nerve,24061660F
Jan Baptist Deschamps,24061660G
Jan Raes,24061660H
Ignatius Van der Stock,24061660I
Francois Vogelsanck,24061660J
Peter Eyckens,24061660K
Peter De Backer,24061660K
Hendrick Wavers,24061660L
Carel Alexander Van Geel,24061660L
Jan Raes,24061664
Matthys Van den Steen,24061664
Gillis Van Tilborgh,24061664
Jan Gillis,24061666
Francois Ysenbaut,24061666
Melchior Sallaert,24061666
Adriaen De Caron,24061692A
Jan Van Daele,24061692A
Michiel Van Cutsem,24061692B
Carolus Van Baeckegom,24061692B
[NN] Van der Hopstadt,24061692C
Thomas Pins,24061692C
Everard Rurinckx,24071631
Mario Tibauti,24071638
Philips Van der Elst,24071638
D[] Du Paron,24071692
Jan Van Daele,24071692
Nicolaes Letaer,24081631A
Peter Busset,24081631A
Hieronymus Vleughaert,24081631B
Willem De Moy,24081631B
 Du Bael,24081678
Philips Crispiel,24091612
Michiel Crispiel,24091612
Francois Floris,24091612
Gillis Godtsvriendt,24091637
Jacob Godsvriendt,24091637
Jacques Vermegho,24101616
Gaspar De Craeyer,24101616
Francois Cappelle,24101619
David Noveliers,24101619
Hendrick De Bontridder,24101636
Judocus Lamberto,24101670
Johannes De Loes,24101670
Gelaude Sollay,24111623A
Peter Coppens,24111623A
Herman Van den Berghen,24111623B
Lanceloot Lefebure,24111623B
Brixius Van der Elst,25011614
Brixius Van der Elst,25011614
Jan Collaert,25011614
Gillis Donckerwolck,25011652
Peter Meerts,25011652
Daniel Van Schoor,25031643
Jacob Van Schoor,25031643
Jan Van Obberghen,25041615A
Hans Van Overstraeten,25041615A
Coryn Steck,25041615B
Jan Baptist Grondone,25041615B
Hendrick Van den Steen,25041629
Jacques Roddaert,25041629
Adriaen Mennens,25041630
Jan Mennens,25041630
Willem Maheu,25051611
Peter Roelemans,25051611
Willem Maheu,25051611
Engel Van den Bosch,25051614
Carel Van den Steen,25051614
Bernard Van Rampelbergh,25051628
Bernard Van Rampelbergh,25051628
Michiel De Haese,25051628
Nicolaes Schinckels,25051640
Philips Van der Elst,25051640
Peter Formauille,25051683
Jan Ringheler,25051683
Jan Letart,25061626
Theodoor Sony,25061626
Jan Baptist De Primont,25061663
Michiel Van Bronckhorst,25061663
Matthys Schoevaert,25061682A
Adriaen Francois Baudewyns,25061682A
Antoon Van Dormael,25061682B
Jan Van Daele,25061682B
Nicolaes Marius,25071605
Antoon Van der Meren,25071605
Jan Van den Steen,25071649
Antoon Sallaert,25071649
Hendrick De Vries,25081602
Bartholomeus Tonmye,25081607
Raphael Coxie,25081607
Robert Drioul,25081625
Servaes Coels,25081625
Jan Baptist Van Heil,25081666
Gabriel De Banst,25081666
Jan Aerts,25091629
Jacques Van Worms,25091629
Hans Van den Broeck,25101601
Jacques De Fayter,25101601
Arnold Morveau,25101640
Nicolaes Letaer,25101640
Jan Tyo,26011621
Peter Coppens,26011621
Nicolaes Van Zeunen,26021618
Philips Reyniers,26021668
Matthys Rombouts,26021694
Louis Van Grimberghen,26031613A
Hans Mennens,26031613A
Matthys Halfhuys,26031613B
Michiel De Haese,26031613B
Christoffel Reyniers,26031613C
Hans Mennens,26031613C
Gillis Nieuwlandt,26031619
Michiel Van Werckhoven,26031619
Gillis Van Tilborgh,26031654
Sebastiaen Mottemont,26031680
Denys Durbry,26041604
Peter Noveliers,26041604
Jan Baptist Artois,26041657
Jan Baptist De Bruyn,26051616
Jan Jacobs,26051641
Wouter Jacobs,26051641
Jan Van Opstal,26051650A
Antoon Van Opstal,26051650A
Jan De Haese,26051650B
Hendrick Carel Van Daele,26051662
Peter Van der Borcht,26051662
Johannes Mertens,26061610
Maerten Monckernet,26061625A
Jan De Paege,26061625A
Roeland Heussewiel,26061625B
Jan De Hies,26071606
Servaes Coels,26071606
Peter Seerstevens,26091629
Jan De Vos,26091629
Antoon Sapien,26091636
Willem Van Rillaert,26091666
Jan Baptist Van den Broeck,26101665
Jan De Moralis,26111611A
Peter Coppens,26111611B
Hieronymus Van Orley,26111611B
Hans De Buck,26111611C
Elias Geeraerts,26111611C
Francois Van Obberghen,26111613A
Lenard Wauwermans,26111613A
Maerten Heunis,26111613B
Francois De Backer,26111613B
Coenraet Geeraerts,26111613C
Adam Geeraerts,26111613C
Elias Geeraerts,27011611
Adam Geeraerts,27011611
Peter Van den Steen,27011612
Johannes Mertens,27011612
Hendrick De Hemelaer,27011657A
Hendrick De Hemelaer,27011657A
Jan Verschuren,27011657B
Jan Verschuren,27011657B
Paulus Goddyn,27021617
Paulus Goddyn,27021617
Thomas Franck,27021617
Alexander Levens,27031615
Alexander Levens,27031615
Peter Noveliers,27031615
Nicolaes Vranckx,27041627
Matthys Van den Steen,27041627
Jan Stockmans,27041661
Carel De Swert,27041661
Balthasar Leshayeer,27051664
Willem Van Yperseel,27061624A
Willem Van Yperseel,27061624A
Jacques Faydherbe,27061624A
Hieronymus Van Orley,27061624B
Hieronymus Van Orley,27061624B
Jan Nys,27061631
Jacques Faydherbe,27061631
Jan Fremont,27081610
Hendrick De Vries,27081610
Hans Van Kelegem,27081613
Carel Van den Steen,27081613
Carel Philips Spierinckx,27091612
Michiel De Bordeaux,27091612
Jan Spierinckx,27091612
Coryn Steck,27091622
Francois Rusaert,27101613
Jan De Moralis,27101613
Jan Ringheler,27101638
Philips Bolognino,27101649
Antoon Van Opstal,27101649
Jacob Van Schoens,27111613
Jacques De Fayter,27111613
Antoon Van Berenbroeck,27121611
Lanceloot Lefebure,27121611
Dirick Janssens,27121613
Dirick Janssens,27121613
Jacques Roddaert,27121613
Abraham Van der Schriecke,28011611
Baptist Gilgodt,28011611
Philips De Coninck,28011621
Adriaen Van Zinnick,28011621
Francois Van der Plas,28031610
Fernand Bert,28031610
Willem Boelant,28041606
Hendrick De Vries,28041606
Jan Baptist Sallaert,28041629
Antoon Sallaert,28041629
Peter Leermans,28041676
Philips De Pellegin De Larcon,28051620A
Francois Mossens,28051620A
Jacob De Meulder,28051620B
Lucas De Kemp,28051620B
Christoffel Huygens,28051662
Louis Cousin,28051662
Andries Meulebeeck,28051682
Adriaen Francois Baudewyns,28051682
Joos ,28051683
Nicolaes Van den Schilde,28051683
Carolo Lasko,28061610
Philips Van Bentem,28061610
Augustyn Stom,28061618
Paulus Goddyn,28061618
Francois Van den Dries,28061628
Cornelis Gillis,28061628
Francois De Backer,28061667
Francois Ysenbaut,28061667
Bartholomeus De Smedt,28071618
Jan Van Velthoven,28071618
David Teniers,28071675A
Salomon Daure Cour,28071675A
David Teniers,28071675B
Johannes Baptist Van Diest,28071675B
David Teniers,28071675C
Hans Van Bronckhorst,28091613
Allonse Boyens,28091622
David Noveliers,28091622
Willem Lenaerts,28091651
Peter Van Capenborcht,28091651
Thomas Pins,28091670A
Thomas Pins,28091670A
Peter De Backer,28091670B
Antoon Van den Bossche,28091670B
Peter De Backer,28091670B
Francois Toussaint,28091673
Matthys Schoevaert,28091690A
Egidius Numandts,28091690B
Passchier Luppens,28101613
Philips Van Bentem,28101613
Jan De Sainneville,28101639A
Jacques Artois,28101639A
Jan De Broe,28101639B
Lanceloot Lefebure,28101639B
Huybrecht Van Corttem,28111606A
Francois De Backer,28111606A
Antoon De Wiette,28111606B
Peter Noveliers,28111606B
Jan Boerman,28111613
Jan Baptist Weerman,28111613
Peter Van den Steen,29011636A
Peter Van Gindertaelen,29011636B
Jacques Faydherbe,29011636B
Matthys Van den Bosch,29011651A
Antoon Van den Bossche,29011651A
Bartholomeus Philipsens,29011651B
Hieronymus Fluffens,29011651B
Peter Achtschellinck,29011651C
Philips Van der Elst,29011651C
Jan Cortois,29011651D
Jan Baptist Grondone,29041604
Gillis Claessens,29041604
Jan De Meulder,29051638
Lucas De Kemp,29051638
Peter Van den Berghen,29051646
Peter Van den Berghen,29051646
Michiel Allaert,29051677
Gerard Cosyn,29061616
Gerard Van Hoochstadt,29061616
Hans Mattheus,29061618
Jan Mattheus,29061618
Francois Gallaert,29061625
David Noveliers,29061625
Francois Attendael,29061628
Cornelis Floris,29061628
Francois De Smedt,29061653A
Hendrick Van Bronckhorst,29061653B
Jan Van Bronckhorst,29061653B
Francois Reps,29061673
Thomas Pins,29061673
Willem De Prins,29071624
Hans Van Lyn,29081602
Jacques Van der Borcht,29081602
Jan Coolemans,29081627
Jan Coolemans,29081627
Jan Baptist Deschamps,29091651
Gerard Van Hoochstadt,29091651
Michiel Van Dormael,29091672
Jan [b] Raes,29091672
Jan Van Helmont,29091705A
Peter Snyders,29091705B
Lucas Achtschellinck,29101639
Peter Van der Borcht,29101639
George Buerchaut,30011600A
Jacob Hanebal,30011600A
Lenard Nagels,30011600B
Hans De Smedt,30011600B
Alexander Dyngens,30011610
Michiel Hardies,30011610
Salvador Peres,30011613
Hans Clement,30011613
Nicolaes Marius,30011614A
Nicolaes Marius,30011614A
Antoon Van der Meren,30011614A
Philips De Vreese,30011614B
Philips De Vreese,30011614B
Godfried Rogaerts,30011614B
Nicolaes Zerckenis,30011614C
Nicolaes Zerckenis,30011614C
Francois Tons,30011614C
Steven Stekeldoore,30011637A
Antoon Van den Bossche,30011637A
Ambrosius Du Witteme,30011637B
Philips Van der Elst,30011637B
Joos Adriaensen,30031621
Nicolaes Caussens,30031621
Gerard Van Bemel,30031662
Nicolaes Bertreyn,30041616
David Noveliers,30041616
Philips Van der Elst,30041620
Servaes Coels,30041620
Matthys Van den Steen,30041626A
Carel Van den Steen,30041626A
Francois Delbierre,30041626B
Peter Meerts,30041629
Philips Van der Elst,30041629
Francois Van der Borcht,30051639
Jan Petit,30061610
Wouter Jacobs,30061610
Lucas Raes,30061631
Cornelis Floris,30061631
Peter Van Capenborcht,30061637A
Nicolaes De Smedt,30061637B
Peter Van der Plas,30061637B
Peter De Voster,30061637C
Nicolaes De Lagrene,30061648A
Jan Van Daele,30061648A
Francois Dispo,30061648B
Leo Van Heil,30061648B
Willem Gening,30071644
[widow of] Prins,30071644
Hans Van Dormael,30081610
Carel De Kemp,30081610
Antoon Van den Bossche,30081623
Antoon Van den Bossche,30081623
Cornelis Gillis,30081623
Peter De Werremon,30081650A
Gillis Van Waeyenbergh,30081650A
Florentin Lefebure,30081650B
Jan Van Velthoven,30081650B
Peter De Neck,30081650C
Jan Geeraerts,30081650C
Jan Baptist Meskens,30081675
Carel De Swert,30081675
Roeland Heussewiel,30091616
Roeland Heussewiel,30091616
Jan De Vos,30101602
Lenard Wauwermans,30101602
Peter Van Potteloy,30101609
Adriaen Poetterloo,30101609
Lanceloot De Coelx,30101610
Gysbrecht Venus,30101610
Jacob De Backer,30101631
Carel Alexander Van Geel,30101635
Jan Van Velthoven,30101635
Hendrick De Lannoy,30111611
Jan Bouillon,30111611
Daniel De Duck,30121626
Antoon Sallaert,30121626
Joris Donckerwolck,31011600A
Maximiliaen De Groete,31011600B
Jacques De Groete,31011600B
Jan De Vos,31011625
Jan De Vos,31011625
Lenard Wauwermans,31011625
Jan Appelmans,31011626A
Gelaude Habaert,31011626A
Thomas Le Post,31011626B
Peter Coppens,31011626B
Jan Van Meullens,31011674
Francois Coppens,31011674
Servaes Quebout,31031623
Gerard Van Hoochstadt,31031623
Philips Jan Willeman,31031637A
Antoon Sallaert,31031637A
Willem Van Schoor,31031637B
Peter Snayers,31031637B
Gelaude Habaert,31051606
Dominicus Seghers,31051606
Jacob Van Grimberghen,31051617A
Adriaen Van Zinnick,31051617A
Peter Le Sellier,31051617B
Willem Van Graenenbroeck,31051617B
Francois Van der Borcht,31051640A
Francois Van der Borcht,31051640A
Dermitius Claret,31051640B
Jacob De Backer,31051640B
Jan Baptist Noldens,31051677
Hendrick Gieverckx,31101626
Hans Van den Eynde,31101626
