id,status,source
Bartholomeus Van der Meren,dean,
Jan Van Ponberghe,dean,
Carel Van den Steen,dean,
Antoon Van Schelle,master,
Abraham Gyoryns,masters sons,
Jan Gyoryns,master,
Nicolaes Van Zeunen,apprentice,
Fernand Bert,master,
Francois De Sainctsaule,apprentice,
Denys Van Alsloot,master,
Philips Britseels,apprentice,
Francois De Godts,master,
Nicolaes Van Rillaert,dean,
Carel Lambrechts,dean,
Hieronymus Van Orley,dean,
Philips Matthys,apprentice,
Jacques De Vries,master,
Christoffel Regybus,apprentice,
Willem Van Gent,master,
Francois De Streu,apprentice,
Peter Noveliers,master,
Daniel Ficquaert,apprentice,
Jan Gotemans,master,
Joris Storm,apprentice,
Jacques De Fayter,master,
Lenard Wauwermans,apprentice,
Jan Van Bronckhorst,master,
Antoon Waelrant,dean,
Gilbert Van Weenen,dean,
Nicolaes Mertens,dean,
Philips Van Bentem,dean,
Cornelis De Bloyer,dean,
Jan Baptist Grondone,dean,
Gillis Claessens,apprentice,
Hans Clunebris,master,
Aert Bleter,dean,
Adriaen Van Zinnick,dean,
Adriaen Berckay,dean,
Peter Van der Borcht,apprentice,
Antoon Sammori,master,
Francois Tons,apprentice,
Willem Van Worms,master,
Jan De Kemp,apprentice,
Jan Mattheus,master,
Jan Van Botbergh,apprentice,
Jan Trippaert,master,
Wouter Jacobs,apprentice,
Antoon Van der Meren,master,
Hans Mennens,dean,
Carel Herssel,dean,
David Noveliers,dean,
Willem De Moy,apprentice,
Francois Van Schuddeput,master,
Augustyn Van der Venne,dean,
Gaspar De Craeyer,dean,
Jacques Regaets,dean,
Jan Bauwens,dean,
Maerten Heunis,dean,
Michiel De Bordeaux,dean,
Gillis Leyniers,dean,
Gerard Van Hoochstadt,dean,
Willem Maheu,dean,
Jan De Paege,dean,
Gaspar Van Schoor,dean,
Dominicus Seghers,dean,
Maximiliaen Van der Elst,dean,
Francois Van Obberghen,dean,
Antoon Van Opstal,dean,
Jan Van Rillaert,dean,
Jan Vaillant,dean,
Cornelis Van Bronckhorst,dean,
Jan Claerbodts,apprentice,
Lucas De Kemp,master,
Antoon Sallaert,apprentice,
Severyn Diertyts,master,
Philips Van der Elst,dean,
Gillis Van Blayenbergh,dean,
Engel Van den Bosch,dean,
Peter Coppens,dean,
Willem Van Graenenbroeck,dean,
Leo Van Heil,dean,
Jan Noveliers,dean,
Jacques Nyts,dean,
Antoon Van den Bossche,dean,
Albert Fierens,dean,
Peter [b] Van Gindertaelen,dean,
Daniel Van Heil,dean,
Jacob Godsvriendt,dean,
Jan Van Velthoven,dean,
Jan Schoreels,dean,
Michiel Van Eeverenbroot,dean,
Cornelis Kerckjans,dean,
Jan Jacobs,dean,
Amatis Billaert,dean,
Andries De Brauwer,dean,
Willem Van Schoor,dean,
Peter Hellinck,dean,
Hieronymus De Vadder,dean,
Gerard Meysens,dean,
Jan Meysens,dean,
Peter Meerts,dean,
Lucas Viters,dean,
Joos Van Craesbeeck,dean,
Thomas Monnorino,dean,
Charles Wautier,dean,
Ignatius Van der Stock,dean,
Louis De Vadder,dean,
Louis Reysels,dean,
Steven Stekeldoore,dean,
Peter La Court,dean,
Jan Baptist Sallaert,dean,
Jan Denens,dean,
Louis Hernese Janvier,dean,
Francisco Martini,dean,
Jacob Rubens,dean,
Peter Snayers,dean,
Willem De Gyn,dean,
Antoon Stroobant,dean,
Alexander Van Avont,dean,
Stefano Gillis,dean,
 Leyniers,dean,
Daniel Leyniers,dean,
Hendrick Huysmans,dean,
Christoffel Goffin,dean,
Jacques Antoon De Meester,dean,
Jan Van Opstal,dean,
Matthys Van den Bosch,dean,
Carel De Swert,dean,
Jan Arys,dean,
Jan Cortois,dean,
Hendrick Van Bronckhorst,dean,
Francois Van Elewyck,dean,
Coryn Haccadron,dean,
Willem Piscador,dean,
Gillis Van Tilborgh,dean,
Jan Raes,dean,
Matthys Van den Steen,dean,
Peter Van der Maelen,dean,
Jan [b] Jacobs,dean,
Francois Volders,dean,
Lucas Achtschellinck,dean,
Francois Le Pies,dean,
Simon Polkasier,dean,
Melchior Sallaert,dean,
Francois Ysenbaut,dean,
Jan Gillis,dean,
Jan Godtsvriendt,dean,
Jan Ardyn,dean,
Peter Van den Winckel,dean,
Jan [b] Raes,dean,
Daniel Vaillant,dean,
Artus De Kemp,dean,
Francois Coppens,dean,
Judocus De Ridder,dean,
Hendrick Van den Steen,dean,
Bartholomeus Cortois,dean,
Antoon Van Noye,dean,
Jacob Carlier,dean,
Jan Baptist Huygens,dean,
Jan Baptist De Champaigne,dean,
Hendrick Libert,dean,
Johannes Baptist De Backer,dean,
Peter Jan Bout,dean,
Michiel Van Bronckhorst,dean,
Peter Cortois,dean,
Maerten De la Court,dean,
Peter Seghers,dean,
Jan Van Avont,dean,
Peter Herrebos,dean,
David Teniers,dean,
Gelaude Daure Cour,dean,
Cornelis Coppens,apprentice,
Jacob Nys,master,
Reynold Cortkens,dean,
Peter De Paepe,dean,
Peter Van Orley,dean,
Francois [b] Coppens,dean,
Peter De Donderberghen,dean,
Jan Francois Ysenbaut,dean,
Peter Pepersack,dean,
Gerard Antoon Van Reykel,dean,
Francois Thielen,dean,
Antoon Goosens,dean,
Francois Berbiers,dean,
Michiel Coolemans,dean,
Reynier Vrientschap,dean,
Maerten De Kerck,dean,
Michiel Lefebure,dean,
Jan Odeyn,apprentice,
Jan Baptist De Weerdt,master,
Judocus Van Dormael,apprentice,
Jan Baptist De Mediena,master,
Hieronymus Galle,apprentice,
Jacob Huysmans,master,
Willem Van Rillaert,apprentice,
Erasmus Crock,master,
Jan Baptist Crick,apprentice,
Adriaen Francois Baudewyns,master,
Peter De Backer,master,
Christiaen Crocx,apprentice,
Theodoor Van Heil,master,
Jan Baptist Timmermans,apprentice,
Antoon Krick,master,
Laurys Van Rossum,apprentice,
Leo Van Kerckhove,master,
Jan Baptist Van Heil,apprentice,
Dromsens Smail,master,
Peter Lambillot,apprentice,
Andries Van der Plancken,master,
Carolus Van Baeckegom,apprentice,
Michiel Allaert,master,
Lieven Illewardus Van Achter,apprentice,
Jacob Van der Heyden,master,
Gillis Wauters,apprentice,
Antoon De Vorster,master,
Peter Leermans,apprentice,
 Cotina,master,
 Van der Borcht,apprentice,
Lambert De Hondt,master,
Judocus Van Overstaeten,apprentice,
Jacob De Rock,master,
Antoon De Veuster,apprentice,
Adriaen Frankien,master,
Adriaen Thielemans,dean,
Laurys Casier,dean,
Ferdinand Colyns,dean,
Carel Faeghe,apprentice,
Jan Baptist Meskens,master,
Francois De Coster,dean,
Francois Reps,dean,
[anonymous] ,dean,
Joris Ringheler,dean,
Thomas Pins,dean,
Jan Timmermans,dean,
Willem Asselman,dean,
Hieronymus Ringheler,dean,
Egidius Jan Schoreels,dean,
Dionysus Van Waeyenbergh,dean,
[NN] Willemont,dean,
Johannes Pletinckx,dean,
Raymandus Ringheler,dean,
Matthys Schoevaert,dean,
Quireyn Van Nuvel,dean,
Hendrick Cortois,dean,
Carel Van Geel,dean,
Peter Joseph Le Fils,dean,
Jan Vaele,dean,
Victor Janssens,dean,
Jan Baptist Maeseler,dean,
Hubert Cosyn,dean,
Reynier Ringheler,dean,
Antoon Van Waeyenbergh,dean,
Hieronymus Breughel,dean,
Egidius Waeyenborch,apprentice,
Johannes Joseph Rottenburch,master,
Bartholomeus Jacobus Van der Hecht,apprentice,
Willem Blommaert,master,
Adriaen De Caron,dean,
Francois Rinke,dean,
Gaspar Van Turnhout,dean,
Philips Mille,dean,
Adriaen De Bie,dean,
Ignatius De Bie,dean,
Francois Tilborgh,apprentice,
Jan Van den Bock,master,
Hendrick Van Brouckhorst,apprentice,
Florentin Serhuyghens,master,
Jan Van den Bosch,apprentice,
Peter Biddigir,master,
Bernard Van Han,apprentice,
Francois De Bargas,dean,
Jan Baptist Noldens,dean,
Augustyn Coppens,dean,
Peter Bettens,master,
Theobald Michau,masters sons,
Peter Le Bron,dean,
Francois Van Bremt,dean,
Francois Boelie,dean,
 Roemart,master,
Jan Foarge,dean,
Hendrick Van Wel,dean,
Jan Van Daele,dean,
Peter Jacobs,dean,
Francois De Nef,dean,
Carel Judocus Raes,dean,
Michiel Van Cutsem,dean,
Paulus Breughel,dean,
Jacob Van der Bought,dean,
Antoon Wenceslas Raymon,dean,
Jacob Happrons,master,
Hendrick Van den Houten,apprentice,
Ignatius De Hondt,master,
Lucas Storck,apprentice,
Judocus Groenins,apprentice,
Hutoun Wermert,master,
Gaspar De Clerck,apprentice,
 Backer,master,
Gillis Bouvin,master,
Francois Van Schoor,apprentice,
Andries Van der Elst,master,
Francois Jacqmin,dean,
Jan Baptist Morels,dean,
Jan Van der Heyden,dean,
Adam Van Divoer,dean,
David De Coninck,apprentice,
Jan Carel Van Dynen,master,
 Van der Cappen,masters sons,
Peter Janssens,master,
Lucas Stock,dean,
Judocus Lamberto,dean,
Francois De Schyn,dean,
Carel De Wit,dean,
 Hermans,dean,
Jan Baptist Van den Broeck,dean,
 Snaghels,master,
Matthys Coint,master,
Ludovicus Schoreels,apprentice,
Hendrick Heretibaudt,master,
Willem Ringheler,master,
 Crick,apprentice,
Herman Pilemans,dean,
Joos Verhasselt,dean,
Francois Quebout,dean,
[NN] Van der Marcken,dean,
Elisabeth Celdrin,dean,
Catharina Van Stichel,dean,
Michiel De Leeuw,dean,
Joseph Hellebosch,dean,
Albert De Backer,dean,
Antoon Barbiers,apprentice,
[NN] Reysbracht,master,
Adriaen Pauwels,dean,
Gerard Bauwens,apprentice,
Carel Jacobs,master,
Simon De Heucht,apprentice,
Jan Van der Belen,master,
[NN] Verheul,dean,
Joseph Laboureur,dean,
Johannes Der Coor,dean,
Jacques Moreau,dean,
Daniel Louis Planchon,dean,
Joos Schutyser,dean,
Jacques Van Rome,apprentice,
Joos Steenarst,master,
Jan Van den Molen,dean,
Jan Baptist Gordyn,masters sons,
Americus De Vreese,apprentice,
Joos Rintvelt,master,
Joris Arys,dean,
Jacques Van Worms,dean,
Gaspar Van den Bemde,dean,
Jan Volsom,master,
Andries Van den Hoecke,master,
Dornaert Ringheler,apprentice,
Wolfaert Wiedemans,master,
Everard Rurinckx,dean,
Philips De Backer,apprentice,
Hendrick De Bontridder,master,
Cornelis Gillis,apprentice,
Peter Gillis,master,
Laurys De Wemer,dean,
Lenard Nagels,apprentice,
Willem Lambillot,master,
Jacques Van den Porten,apprentice,
Michiel De Prins,master,
Jan Baptist Bonnecroy,apprentice,
Francisco Brockin,master,
Jan Vranckx,master,
Lambert De Prins,master,
Peter Hals,master,
Jan De Raet,dean,
Jacques Roddaert,dean,
Gillis Van Auwerkerck,dean,
Willem Van der Elst,master,
David Ringheler,apprentice,
Cornelis Van Empel,dean,
Jacques Artois,dean,
David Sollay,dean,
Francois Ceneville,masters sons,
Joos Van den Tempel,dean,
Jacob De Backer,dean,
Johan Baptist Bersier,dean,
Lambert Van der Biest,apprentice,
Jan Cortvrindt,master,
Carel Alexander Van Geel,master,
Jan Francois Coppens,apprentice,
Brixius Van der Elst,master,
Jan Collaert,master,
Hans Van den Eynde,masters sons,
Willem Van Diest,dean,
Hendrick De Vries,dean,
Peter De Maylder,dean,
Jan Van den Bemde,master,
Jan De Prins,master,
Peter Van Beckberghe,dean,
Jan Van Beckberghe,dean,
Christoffel Merlin,dean,
Peter De Veuster,dean,
Jacob Van Waeyenbergh,dean,
Jacob Van Grimberghen,dean,
Gillis Donckerwolck,apprentice,
Simon Bijean,master,
Jan Marines,apprentice,
Louis Van Schoor,master,
Carel Lottemberg,apprentice,
Rombout De Morge,master,
Philips Van der Vriesen,apprentice,
Godfried Rogaerts,master,
Lanceloot Volders,apprentice,
Egidius Basavechia,master,
Peter Soetemans,dean,
Lanceloot Lefebure,dean,
Herman Bruyens,dean,
Francois Van Froonhoven,dean,
Jacob De Vries,apprentice,
Jan Mertens,master,
Joos Hermans,apprentice,
Peter De Rauw,master,
Christoffel Pauwens,dean,
Bernard Dierdone,apprentice,
Jan De Smedt,master,
Francois De Bacquelerot,apprentice,
Richard Van Orley,master,
Leo Van Heul,apprentice,
 Horick,master,
Michiel De Haese,dean,
Jan Marssche,dean,
Adam Francois Van der Meulen,dean,
Engel Godtsvriendt,apprentice,
[son of] Maerten De Vos,master,
Hans Clement,master,
Jan Mutet,apprentice,
Carel Philips Spierinckx,master,
Willem Marquaet,apprentice,
Jannes Van der Put,master,
Jan Kelders,master,
Jan Goddyn,apprentice,
Willem Lenaerts,dean,
Floris Van Bossuyt,dean,
Francois De Backer,dean,
Joris Donckerwolck,master,
Jan Baptist De Carrion,apprentice,
Philips De Vadder,master,
Quinten Symons,dean,
Jacob Verberghen,dean,
Hans Besoete,dean,
Salomon Noveliers,dean,
Gaspar Picron,dean,
Jan Waelens,dean,
Jacques Domingo,master,
Francois Mossens,master,
Francois Van Volxem,master,
Bernard Van Rampelbergh,master,
Peter Doms,dean,
Jan Bouillon,dean,
Johan Remy Christoffel,dean,
Willem Van Yperseel,dean,
Gelaude Fige,dean,
Jan Caffmeyer,dean,
Nicolaes Van den Schilde,dean,
Peter Hendrickx,dean,
Johannes Francois Le Fils,dean,
Jan De Vos,master,
Jan Baptist Piscador,master,
Alexander Bert,master,
Michiel Van Grouchom,master,
Gaspar Van Noye,master,
Lieven Van den Bosch,apprentice,
Johannes Keelpachter,apprentice,
[widow of] Roeland Heussewiel,master,
Jan Carel Van Bremt,dean,
George Van Lemt,dean,
Hans Vooremans,dean,
Joos Van den Winckel,dean,
Vincent Le Reimenants,master,
Francois Van der Plas,master,
Jan Baptist Maes,master,
Hans Van Asbrock,master,
Antoon Steps,master,
Abraham Sdrooghen,master,
Jan Van Waelant,master,
Louis Catalyn,apprentice,
Jacques Faydherbe,apprentice,
Arnold Van Overstraeten,master,
Peter Busset,dean,
Jan Lenaerts,dean,
Jan Baptist Claessens,dean,
Joos Van den Bossche,apprentice,
Louis De Vleeshouwer,master,
Joos Baptist Willeman,master,
Philips Machobeus,apprentice,
Claude Rosel,apprentice,
Michiel Van Werckhoven,master,
Germeyn Somers,master,
Jan Baptist De Coninck,master,
Servaes Coels,master,
Andries Broeckmans,master,
Bastiaen Van Assche,dean,
Elias Geeraerts,dean,
Peter Cempen,dean,
Jacob Van den Dries,master,
Thomas Cortinck,master,
Jan Van der Bruggen,apprentice,
Peter De Clerck,master,
Jan Geeraerts,dean,
Francois Raventarie,apprentice,
Abraham Van Avont,master,
Nicolaes Artois,master,
Adriaen Van den Broeck,apprentice,
Adriaen Goerries,apprentice,
Raphael Van Arssen,master,
Willem Geeraerts,apprentice,
Hans Goddaert,dean,
Erasmus Lysmont,dean,
Severyn De Kegel,dean,
Otto Van Veen,master,
Huybrecht Van Waeyenbergh,master,
Vincent Leers,master,
Nicolaes Bertreyn,master,
Hendrick Rota,master,
Michiel Geeraerts,master,
Francois Thierlinckx,master,
Francois Van der Borcht,master,
Gerard Snellinckx,master,
Nicolaes Crick,master,
Carel De Kemp,apprentice,
Hendrick Kegelaer,master,
Carel Ignatius Van Eefbergh,apprentice,
Michiel Benoot,master,
Huybrecht De Vadder,dean,
Francois De Clerck,dean,
Jan De Moralis,dean,
Willem Van Wede,master,
Nicolaes Van den Hecke,masters sons,
Ambrosius ,master,
Peter Capuyns,master,
Gaspar Levens,master,
Jan Baptist De Wolf,master,
Romeyn Sanglier,master,
Gaspar Van Anderhaeghen,master,
Michiel Bauwens,master,
Nicolaes Letaer,master,
Alexander Vermeulen,apprentice,
Godfried Allaert,master,
Nicolaes Yperseel,apprentice,
Johan Bourguignon,master,
Jan Ringheler,apprentice,
Philips Reyniers,master,
Nicolaes Geraes,apprentice,
Francois Van Dipeldal,master,
Jacques Van Severpel,dean,
Robert Maltum,dean,
Gillis Sandes,dean,
Cornelis Jacobs,master,
Francois Morren,master,
Baptist Eghets,master,
Jan Doms,master,
Michiel Hardies,master,
Nicolaes Van Yperseel,master,
Jan Moenne,apprentice,
Adam Ditman,master,
Jan Hubert,dean,
Francois Van den Couter,dean,
Wouter Janssens,dean,
Hendrick Lierinck,master,
Jan Baptist Torel,master,
Joris Vylant,master,
Willem Van den Eynde,master,
Jacob Bosdonck,master,
Joos De Neck,apprentice,
Jan Baptist Gillis,master,
Jan De Haese,apprentice,
Roeland Van der Schaemp,master,
Jacques Triccot,apprentice,
Jan Van der Vinne,master,
Francois Laureys,apprentice,
Thomas Verhasselt,master,
Augustyn De Boeck,apprentice,
Jacob Hanebal,master,
Peter Laseer,apprentice,
Jan Ordas,master,
Nicolaes Tassaert,dean,
Jacques Du Fay,dean,
Michiel De Sainneville,dean,
Simon Lemmens,dean,
Jacques Loots,master,
Nicolaes Schinckels,master,
Philips Ernest Pelgrin,master,
Francois Dervau,master,
Francois Le Grand,master,
Jean Le Corbisier,master,
Andries Peter Du Bael,master,
Augustyn Van der Keersen,master,
Francois Van den Bemde,apprentice,
Passchier Luppens,master,
Reynier Meganck,apprentice,
Peter Eyckens,master,
Francois Schoevaert,dean,
Paulus Van den Bossche,dean,
Lucas Waeykarts,dean,
Francois Verbelen,master,
Francois Van Niverseel,master,
Peter Van Gindertaelen,master,
Olivier De Coene,apprentice,
Jan Meetens,master,
Angelus De Clerck,dean,
Gelaude Munier,dean,
Jan Goriels,dean,
Maerten Coeruchant,apprentice,
Jan Gillissone,master,
Denys Le Moen,dean,
Gaerele Van Bonter,dean,
Gillis Van Waeyenbergh,dean,
Louis De Peuter,master,
Louis Van den Pleyne,apprentice,
Gratiaen De Meester,master,
Hieronymus Fluffens,apprentice,
Jan Van Aelst,master,
Maerten Van der Venne,master,
Jan De Duyts,master,
Nicolaes Van Bogarden,dean,
Dirick Janssens,dean,
Jan De Roy,dean,
Francois De Roota,master,
Jacob Marchant,master,
Peter De Vulder,master,
Nicolaes Sibrecht,apprentice,
Jan Welcher,master,
Theodoor Manteau,apprentice,
Hans Monckernet,master,
Maximiliaen De Groete,apprentice,
Jan Fremont,master,
Jacob Van Seulper,master,
Jacques De Clerck,apprentice,
Hendrick De Clerck,master,
Gelaude Cannaut,apprentice,
Adriaen Rombouts,master,
Ignatius De Backer,apprentice,
Augustyn De Joncker,master,
Augustyn Requerant,master,
Matthys Le Roy,master,
Jacques Van der Laemen,apprentice,
Hendrick Leuvens,master,
Albert De Ruyt,master,
Melchior De la Marche,master,
Antoon Leson,apprentice,
Adriaen Baudewyns,master,
Johannes Baptist Van Diest,master,
Pierre Eusache,apprentice,
Balthasar Leshayeer,master,
Philips De Craen,apprentice,
Philips Van der Baeren,master,
Maria De Waeyer,masters sons,
Jan De Sanghere,master,
Jan Van Vollesom,masters sons,
Peter Van der Plas,master,
Jacques Tefeurs,master,
Hans De Smedt,master,
Jan Van Berlaghe,master,
Hans Van Kelegem,master,
Ambrosius Van der Venne,master,
Eduaert Brom,master,
Hans Van Overstraeten,master,
Jan Happaert,apprentice,
Antoon Van den Hecke,master,
Gillis Bossuyt,master,
Denys Chounre,master,
Gerard Van Serpenbergh,master,
Philips Pickaert,apprentice,
Cornelis De Pooter,master,
Jacob De Bruyn,apprentice,
Matthys Schers,master,
Michiel De Noye,apprentice,
Joos Dirckx,master,
Johannes Maes,apprentice,
Francois Reydams,master,
Jan Van Gindertaelen,master,
Jan De Potter,apprentice,
Jan Battelier,master,
Peter Schuyle,master,
Willem Van Liefde,apprentice,
Francois Matthysens,master,
Jan Baptist Herquiau,master,
Philips Reps,apprentice,
Charles De Croy,master,
Jacob De Peuter,apprentice,
Antoon Van Berenbroeck,master,
Simon Hardies,apprentice,
Hans Van Bentem,master,
Gaspar Boerchhet,apprentice,
Ambrosius Van der Wienrien,master,
Willem Van Beyeren,apprentice,
Daniel De Beet,master,
Peter Symons,apprentice,
Willem Lesterbos,master,
Peter Van der Vecken,master,
Nicolaes Michels,apprentice,
Jan Van Cottem,master,
Peter Van Conincxloo,masters sons,
Joos Van Dooren,apprentice,
Geleyn Van Dooren,master,
Jan Van der Borcht,master,
Peter Beser,apprentice,
Francois De Gruyter,master,
Maerten Lambillot,apprentice,
Peter Francois Carega,master,
Willem Lauwers,master,
Jacques Wauters,apprentice,
Antoon Van Beveren,master,
Willem Niemans,master,
Lucas Van der Straeten,apprentice,
Gillis Van der Nieuwerstadt,dean,
Jan Baptist Van Geel,apprentice,
Philips Van Dapels,master,
Cornelis Van den Dries,apprentice,
Jan Claessens,master,
Willem Moreau,master,
Nicolaes De Smedt,apprentice,
Alexander Levens,masters sons,
Jan Gerard Du Chateau,master,
Jacob Van Haettem,master,
Nicolaes Pletinckx,master,
Dirick Caussens,master,
Cornelis Floris,master,
Cesar Hermans,apprentice,
Peter Van Waetom,master,
Peter Philips Kavelleer,apprentice,
Philips Boellon,master,
Jan Bousou,master,
Jan Peneuner,master,
Bartholomeus Philipsens,apprentice,
Willem Commys,master,
Jan Laurys De Brye,master,
Gillis Penninckx,apprentice,
Sennyn Van Eyck,apprentice,
Michiel Peres,master,
Carel Montien,apprentice,
Joos De Vriendt,master,
Lucas Claessens,apprentice,
Pierre Tassot,master,
Jacob Mememans,master,
Jan De Prie,master,
Antoon Van der Keersen,apprentice,
Peter Van Capenborcht,master,
Cornelis Huysmans,master,
Peter De Winter,master,
Jan Verbelen,apprentice,
Carel Van der Gucht,master,
Louis Cousin,master,
Pangras Beeneken,master,
Willem Klaret,master,
Daniel Van Schoor,apprentice,
Philips Schalie,apprentice,
Peter Schalie,master,
Jacques Van Overstraeten,apprentice,
Antoon Symons,master,
Peter Nys,apprentice,
Daniel De la Fontaine,master,
Laurys Van Andris,apprentice,
Thomas Van Greuls,master,
 De Vocht,apprentice,
Peter ,master,
Fernand Van den Velde,masters sons,
Jan Van der Vliet,master,
Antoon Fransman,master,
Nicolaes Van Nevele,apprentice,
Florentin Collineau,master,
Jacob Coremans,master,
Cornelis Goosens,apprentice,
Francois Raes,master,
Francois Pauwels,apprentice,
Eduaert Sanderlin,master,
Jacques Baptist Blocheau,master,
Bernard De Wevere,apprentice,
Jan De Post,masters sons,
Lanceloot Jacobs,master,
Gaspar Van Vellhen,master,
Bartholomeus Dandelot,master,
Jan Baptist Fabri,master,
Vincent Muchet,master,
Raphael Coxie,master,
Lenard Verbruggen,apprentice,
Peter Marckan,master,
Theodoor Sony,master,
Jan De Sony,apprentice,
Jacques Francquart,master,
Johannes Medard Van der Meren,apprentice,
Antoon Sapien,master,
Jan Uytenhoeven,apprentice,
Jan De Molder,master,
Simon Francois Baudewyns,apprentice,
[widow of] Croeystens,master,
Joos Mossens,apprentice,
Jan Gillet,master,
Francois Volsom,master,
Gabriel Van den Eynde,apprentice,
Jan Daret,master,
Jan Marco,apprentice,
Jan Van der Sanden,master,
Charles Daret,master,
Jan Ballais,master,
Willem Van Immerseel,apprentice,
Carel Nore,master,
Boudewyn Bedet,master,
Nicolaes Van Herp,apprentice,
Balthasar Bolion,master,
Michiel Fortuyn,master,
Johannes De Loes,apprentice,
Jan Baptist Tel,master,
Peter Van der Belen,master,
Jan Van Lyven,apprentice,
Jacques Foucquier,master,
Artus Van Laecken,master,
Hans Doms,apprentice,
Peter Van Potteloy,master,
Peter Van Assche,masters sons,
Tobias Schoonemans,master,
Nicolaes Van Geel,apprentice,
Peter Adriaensen,master,
Maerten Laerelinckel,apprentice,
Jan Wauters,master,
Antoon Daems,apprentice,
Francois Reurbis,master,
Gaerue De Hey,master,
Peter Bert,apprentice,
Peter Van der Meulen,master,
Hans Van der Gucht,apprentice,
Jan Vriendt,master,
Jacques De Prins,apprentice,
Nicolaes Caussens,master,
Carsilis Faebiri,apprentice,
Robert Dandelot,master,
Francois Eyckens,apprentice,
Peter Juwet,master,
Michiel Coxie,apprentice,
Philips Vermeulen,master,
Michiel Raes,master,
Fernand De Baulx,apprentice,
Toussaint De Viennoen,master,
Abraham Van der Schriecke,master,
Baptist Gilgodt,master,
Antoon Boot,apprentice,
Adam Geeraerts,master,
Herman Lesterbos,apprentice,
Peter Heldenwiele,master,
Sebastiaen Vranckx,master,
Hendrick Carel Van Daele,apprentice,
Floris Van Coudenbergh,master,
Judocus Du Prenne,apprentice,
Christoffel Van Conincxloo,master,
Nicolaes Marius,apprentice,
Johan Hermans,master,
Cesar Portiers,master,
Jan Baptist Van Boechout,apprentice,
Alonso Samora,apprentice,
Peter Meerynen,master,
Peter Boerie,master,
Jan De Reyf,master,
Huybrecht Corsyns,master,
Matthys Van Helmont,apprentice,
Peter Bedet,master,
Thomas De Clerck,master,
Theodoor De le Roist,apprentice,
Rombout Van Avont,master,
Goiers Hack,apprentice,
Jan Van der Venne,master,
Jan De Daes,master,
Francois De Bois,apprentice,
Jan De Coster,master,
Peter Volckaert,master,
Jacques Philippe Offhuys,apprentice,
Philips Monnie,apprentice,
Philips [b] Sallaert,master,
Andries De Buck,apprentice,
Coenraet Geeraerts,master,
 Hubert,apprentice,
Jan Verheven,master,
Michiel Ringheler,apprentice,
Francois Speecaert,master,
Godfried Van Huynegen,apprentice,
Jan Merlin,master,
Cornelis Van Eeverenbroot,masters sons,
Michiel Huyez,master,
Hans Borremans,master,
Bartholomeus Knibbe,masters sons,
Syllyst Willem Herquyauor,master,
Ledorxen De Solyen,masters sons,
Geleyn Van Ganseuvyck,master,
Jan De Peuter,masters sons,
Albert Kalckruyter,master,
Jan De Willer,master,
Hercules Gerwits,master,
George Gerwits,master,
Hans De Sanmore,master,
Francois Van Orley,apprentice,
Antoon Nulaert,master,
Hendrick Wauwermans,apprentice,
Louis Le Crohair,master,
Francois Floris,master,
Baptist Floris,apprentice,
Lambert De Blondel,master,
Antoon Carpentier,apprentice,
Hans De Grieck,master,
Willem Baetemans,apprentice,
Abraham Greumens,master,
Jacques Galle,master,
Hendrick Finet,apprentice,
Jacques Pezet,master,
Nicolaes Van der Vinne,apprentice,
Maerten Laureys,master,
Willem Governeur,apprentice,
Gillis De Geldo,master,
Hendrick Engels,apprentice,
Nicolaes Van der Oost,master,
Johannes Thoomunaers,apprentice,
Thomas Le Post,master,
Andries Gotemans,apprentice,
Nicolaes Van der Maelen,master,
Thomas Lefebure,apprentice,
Simon Duchatel,master,
Peter Balthasar Du Bael,apprentice,
Gillis Francois Catiae,master,
Jan De Gruyter,masters sons,
Antoon Allaert,master,
Marcus Antoon Triccot,apprentice,
Reynier Bernaerts,master,
Jan Steps,masters sons,
Peter Achtschellinck,master,
Peter Mertens,masters sons,
Jacques Van der Borcht,master,
Egidius De Backer,apprentice,
Nicolaes Janssens,master,
Govard Van Beneden,master,
Du[…] Bauwens,master,
Bartholomeus Jacobus Van der Recht,apprentice,
Gregorius Refyn,master,
Charles Hendrickx,apprentice,
Jan Cornelis De Ridder,master,
Joris De Loeys,apprentice,
Nicolaes Van Bellinghen,master,
Jan Soetemans,apprentice,
Peter Albrecht,master,
Jan Leonardi,apprentice,
Raphael Herinckx,master,
Marcus Antone,master,
Nicolaes Galle,masters sons,
Tancredi Isca,master,
Tobias Mynaert,master,
Gaspar Van Eyck,apprentice,
Nicolaes Van Evere,master,
Lucas Van Evere,master,
Carel Soeer,apprentice,
Maerten Governeur,master,
Joos Van Hamme,masters sons,
Francois Van den Bossche,master,
Hans Seraelst,apprentice,
Francois De Neer,master,
Francois De Smedt,apprentice,
Gerard De Ruel,master,
Francois Vaeyendries,apprentice,
Gabriel De Bruyn,master,
Simon Rogaerts,master,
Jan De Pre,apprentice,
Gelaude Habaert,master,
Michiel De Goir,apprentice,
Jacob Van der Merken,master,
Jan Pennens,apprentice,
Michiel Confaelt,master,
Michiel Filier,apprentice,
Hieronymus Ballais,master,
Willem De Kempeneer,apprentice,
Hendrick Pie,master,
Peter Lesserbomen,apprentice,
Jacob Mahi,master,
Hendrick Vervoort,apprentice,
Philips Sergos,master,
Nicolaes Oroer,apprentice,
Jan Cornelis,master,
Maerten ,master,
Antoon Britseels,master,
Gysbrecht Venus,apprentice,
Francois De Brye,apprentice,
Willem Boulengier,master,
Adriaen De Broe,apprentice,
Albert Van Loosvelden,master,
Peter Hedoys,apprentice,
Bartholomeus Van der Vinne,master,
Christoffel Sergos,apprentice,
Gillis Cleysens,master,
Philips De Wander,apprentice,
Louis Ritsaert,master,
Cornelis Van Conincxloo,apprentice,
Jan Symons,master,
Nicolaes Jacobs,apprentice,
Nicolaes Bernaerts,master,
Antoon Mertens,apprentice,
Gillis Janssens,master,
Peter Cauwenie,master,
Hendrick Geurickx,master,
Bastiaen Van den Ray,apprentice,
Melchior Van Geldre,master,
Lambert Sanghers,apprentice,
Louis Van Grimberghen,master,
Hans Van Vichel,apprentice,
Jan Demens,master,
Willem Jacobs,dean,
Hendrick Abbe,dean,
Jacob Van Schoens,apprentice,
Michiel Mertens,master,
Francois Meysens,apprentice,
Jacob Weylinghen,master,
Thomas De Vos,apprentice,
Hendrick Van Leeuw,master,
Jan Baptist Rossinol,apprentice,
Hendrick De Vos,master,
Hans Arens,masters sons,
Adriaen Poetterloo,master,
Adriaen De Haever,master,
Nicolaes Matthys,master,
Cornelis Van der Bamen,apprentice,
Andries Ingnatius Cosyn,master,
Maerten Reyers,apprentice,
Hubert De Corbasie,master,
Philips Garsao,apprentice,
Thomas Van Schilde,master,
Jacob De Meulder,master,
Antoon Podevin,apprentice,
Hans Van den Velde,master,
Gelaude Berne,apprentice,
Peter Haemers,master,
Jan Cosyn,apprentice,
Hendrick Heymans,master,
Antoon Warnier,apprentice,
Adolf Van Nieuwenhuysen,master,
Theodoor Posthens,apprentice,
Peter Van den Eede,master,
Gabriel Anselmus,apprentice,
Jan Bastuyne,master,
Gelaude Le Francq,master,
Antoon Coelemans,master,
Francois Van Boest,apprentice,
Jochem Houvaet,master,
Willem Van der Biest,master,
Blaes Cleirbosch,master,
Peter Van Hoeck,master,
Tobias Verhaecht,masters sons,
Jan Van Waken,master,
Peter Le Gruts,master,
Francois In den Vyl,master,
Leo [b] Van Heil,masters sons,
Thomas La Quointe,apprentice,
Jan Bael,master,
Willem Van Berghen,apprentice,
Francois Monnaville,master,
Hieronymus Zeti,apprentice,
Jan Baptist Van der Bruggen,master,
Francois Toussaint,apprentice,
Jan Vastenavont,master,
Christoffel Massaert,masters sons,
Jan Baptist Borremans,apprentice,
Michiel Sweerts,master,
Francois Paradis,apprentice,
Jan La Court,master,
Jan Van den Broeck,apprentice,
Pierre Viviee,master,
Willem Ruto,master,
 Van Uffel,apprentice,
Francois De Fosse,master,
Lenard Uytenhoeven,master,
Jan De Berge,master,
Robert De Longe,master,
Peter Van Es,master,
Peter Kerckhove,apprentice,
Jan Vinckx,master,
Willem Robyns,apprentice,
Alexander Van Hersen,master,
David Wauwermans,master,
Jan Christoffel Lotin,master,
Jacob Francois Tacke,master,
Hendrick Engelbert Leroues,master,
Maximiliaen Van Liewe,apprentice,
Nicolaes Maes,apprentice,
Adriaen Hernandus,master,
 Loosvelt,apprentice,
Jan Fraeyenborch,master,
Michiel Van Nerve,apprentice,
Jan Baptist Deschamps,master,
Francois Vogelsanck,apprentice,
Hendrick Wavers,master,
[NN] Van der Hopstadt,apprentice,
Mario Tibauti,master,
D[…] Du Paron,apprentice,
Hieronymus Vleughaert,master,
 Du Bael,apprentice,
Philips Crispiel,master,
Michiel Crispiel,master,
Gillis Godtsvriendt,apprentice,
Jacques Vermegho,apprentice,
Francois Cappelle,master,
Gelaude Sollay,apprentice,
Herman Van den Berghen,master,
Jacob Van Schoor,apprentice,
Jan Van Obberghen,master,
Coryn Steck,apprentice,
Adriaen Mennens,master,
Jan Mennens,master,
Peter Roelemans,apprentice,
Peter Formauille,master,
Jan Letart,master,
Jan Baptist De Primont,master,
Antoon Van Dormael,apprentice,
Jan Van den Steen,master,
Bartholomeus Tonmye,master,
Robert Drioul,masters sons,
Gabriel De Banst,master,
Jan Aerts,apprentice,
Hans Van den Broeck,master,
Arnold Morveau,apprentice,
Jan Tyo,master,
Matthys Rombouts,apprentice,
Matthys Halfhuys,master,
Christoffel Reyniers,master,
Gillis Nieuwlandt,master,
Sebastiaen Mottemont,apprentice,
Denys Durbry,master,
Jan Baptist Artois,master,
Jan Baptist De Bruyn,apprentice,
Johannes Mertens,master,
Maerten Monckernet,apprentice,
Roeland Heussewiel,master,
Jan De Hies,apprentice,
Peter Seerstevens,master,
Hans De Buck,apprentice,
Peter Van den Steen,master,
Hendrick De Hemelaer,apprentice,
Jan Verschuren,master,
Paulus Goddyn,apprentice,
Thomas Franck,master,
Nicolaes Vranckx,master,
Jan Stockmans,apprentice,
Jan Nys,master,
Jan Spierinckx,apprentice,
Francois Rusaert,master,
Philips Bolognino,master,
Philips De Coninck,master,
Willem Boelant,apprentice,
Philips De Pellegin De Larcon,master,
Christoffel Huygens,apprentice,
Andries Meulebeeck,master,
Joos ,masters sons,
Carolo Lasko,apprentice,
Augustyn Stom,master,
Francois Van den Dries,master,
Bartholomeus De Smedt,apprentice,
Salomon Daure Cour,master,
Hans Van Bronckhorst,apprentice,
Allonse Boyens,master,
Egidius Numandts,masters sons,
Jan De Sainneville,master,
Jan De Broe,apprentice,
Huybrecht Van Corttem,master,
Antoon De Wiette,apprentice,
Jan Boerman,master,
Jan Baptist Weerman,apprentice,
Jan De Meulder,master,
Peter Van den Berghen,apprentice,
Gerard Cosyn,master,
Hans Mattheus,apprentice,
Francois Gallaert,master,
Francois Attendael,master,
Willem De Prins,apprentice,
Hans Van Lyn,master,
Jan Coolemans,apprentice,
Michiel Van Dormael,master,
Jan Van Helmont,apprentice,
Peter Snyders,master,
George Buerchaut,apprentice,
Alexander Dyngens,master,
Salvador Peres,master,
Philips De Vreese,apprentice,
Nicolaes Zerckenis,master,
Ambrosius Du Witteme,apprentice,
Joos Adriaensen,master,
Gerard Van Bemel,master,
Francois Delbierre,apprentice,
Jan Petit,master,
Lucas Raes,masters sons,
Peter De Voster,master,
Nicolaes De Lagrene,master,
Francois Dispo,apprentice,
Willem Gening,master,
[widow of] Prins,master,
Hans Van Dormael,master,
Peter De Werremon,apprentice,
Florentin Lefebure,master,
Peter De Neck,apprentice,
Lanceloot De Coelx,master,
Hendrick De Lannoy,apprentice,
Daniel De Duck,master,
Jacques De Groete,apprentice,
Jan Appelmans,master,
Jan Van Meullens,masters sons,
Servaes Quebout,master,
Philips Jan Willeman,master,
Peter Le Sellier,master,
Dermitius Claret,master,
Hendrick Gieverckx,apprentice,
00001599A,,BRGA818
00001599B,,BRGA818
00001599C,,BRGA818
00001599D,,BRGA818
00001599E,,BRGA818
00001599F,,BRGA818
00001600A,,BRGA818
00001600B,,BRGA818
00001600C,,BRGA818
00001600D,,BRGA818
00001600E,,BRGA818
00001600F,,BRGA818
00001600G,,BRGA818
1601,,BRGA818
00001602A,,BRGA818
00001602B,,BRGA818
00001603A,,BRGA818
00001603B,,BRGA818
00001603C,,BRGA818
00001604A,,BRGA818
00001604B,,BRGA818
00001604C,,BRGA818
00001604D,,BRGA818
00001604E,,BRGA818
1605,,BRGA818
1606,,BRGA818
1607,,BRGA818
1608,,BRGA818
1609,,BRGA818
00001610A,,BRGA818
00001610B,,BRGA818
00001611A,,BRGA818
00001611B,,BRGA818
1612,,BRGA818
1613,,BRGA818
1614,,BRGA818
1615,,BRGA818
1616,,BRGA818
1617,,BRGA818
1618,,BRGA818
1619,,BRGA818
1620,,BRGA818
1621,,BRGA818
1623,,BRGA818
1624,,BRGA818
1625,,BRGA818
1626,,BRGA818
1628,,BRGA818
1629,,BRGA818
1630,,BRGA818
1631,,BRGA818
1633,,BRGA818
1636,,BRGA818
1637,,BRGA818
1638,,BRGA818
1639,,BRGA818
1640,,BRGA818
1641,,BRGA818
1642,,BRGA818
1643,,BRGA818
1644,,BRGA818
1645,,BRGA818
1646,,BRGA818
1647,,BRGA818
00001648A,,BRGA818
00001648B,,BRGA818
1649,,BRGA818
1650,,BRGA818
1651,,BRGA818
00001652A,,BRGA818
00001652B,,BRGA818
00001653A,,BRGA818
00001653B,,BRGA818
00001653C,,BRGA818
00001653D,,BRGA818
00001653E,,BRGA818
00001653F,,BRGA818
00001653G,,BRGA818
00001653H,,BRGA818
00001653I,,BRGA818
00001653J,,BRGA818
00001653K,,BRGA818
00001653L,,BRGA818
00001653M,,BRGA818
00001653N,,BRGA818
00001653O,,BRGA818
00001653P,,BRGA818
00001653Q,,BRGA818
00001653R,,BRGA818
1654,,BRGA818
1655,,BRGA818
1656,,BRGA818
1657,,BRGA818
1658,,BRGA818
1659,,BRGA818
1660,,BRGA818
00001661A,,BRGA818
00001661B,,BRGA818
00001661D,,BRGA818
1662,,BRGA818
00001663A,,BRGA818
00001663B,,BRGA818
00001664A,,BRGA818
00001664B,,BRGA818
00001664C,,BRGA818
00001665A,,BRGA818
00001665B,,BRGA818
1666,,BRGA818
00001667A,,BRGA818
00001667B,,BRGA818
1668,,BRGA818
1669,,BRGA818
00001670A,,BRGA818
00001670B,,BRGA818
00001670C,,BRGA818
00001670D,,BRGA818
00001670E,,BRGA818
00001670F,,BRGA818
00001670G,,BRGA818
00001671A,,BRGA818
00001671B,,BRGA818
00001671C,,BRGA818
00001671D,,BRGA818
1672,,BRGA818
00001673A,,BRGA818
00001673B,,BRGA818
00001673C,,BRGA818
00001673D,,BRGA818
00001675A,,BRGA818
00001675B,,BRGA818
1676,,BRGA818
00001677A,,BRGA818
00001677B,,BRGA818
00001677C,,BRGA818
00001678A,,BRGA818
00001678B,,BRGA818
00001679A,,BRGA818
00001679B,,BRGA818
00001679C,,BRGA818
00001679D,,BRGA818
00001680A,,BRGA818
00001680B,,BRGA818
00001680C,,BRGA818
00001680D,,BRGA818
00001680E,,BRGA818
00001680F,,BRGA818
00001680G,,BRGA818
00001680H,,BRGA818
00001680I,,BRGA818
00001681A,,BRGA818
00001681B,,BRGA818
00001681C,,BRGA818
00001681D,,BRGA818
00001682A,,BRGA818
00001682B,,BRGA818
00001683B,,BRGA818
00001683C,,BRGA818
00001683D,,BRGA818
00001684A,,BRGA818
00001684B,,BRGA818
00001684C,,BRGA818
00001684D,,BRGA818
00001685A,,BRGA818
00001685B,,BRGA818
00001685C,,BRGA818
00001686A,,BRGA818
00001686B,,BRGA818
00001686C,,BRGA818
00001686D,,BRGA818
00001686E,,BRGA818
00001686F,,BRGA818
00001687A,,BRGA818
00001687B,,BRGA818
00001688A,,BRGA818
00001688B,,BRGA818
00001688C,,BRGA818
00001688D,,BRGA818
00001688E,,BRGA818
00001688F,,BRGA818
00001689A,,BRGA818
00001689B,,BRGA818
00001689C,,BRGA818
00001689D,,BRGA818
00001689E,,BRGA818
00001689F,,BRGA818
00001689G,,BRGA818
1690,,BRGA818
00001691A,,BRGA818
00001691B,,BRGA818
00001691C,,BRGA818
00001691D,,BRGA818
00001692A,,BRGA818
00001692B,,BRGA818
1693,,BRGA818
00001694A,,BRGA818
00001694B,,BRGA818
00001694C,,BRGA818
00001694D,,BRGA818
00001694E,,BRGA818
00001694F,,BRGA818
00001694G,,BRGA818
00001695A,,BRGA818
00001695B,,BRGA818
00001695C,,BRGA818
00001695D,,BRGA818
00001695E,,BRGA818
00001695F,,BRGA818
00001695G,,BRGA818
00001695H,,BRGA818
00001695I,,BRGA818
00001696A,,BRGA818
00001696B,,BRGA818
00001696C,,BRGA818
00001696D,,BRGA818
00001696E,,BRGA818
00001696F,,BRGA818
00001696G,,BRGA818
00001696H,,BRGA818
00001696I,,BRGA818
00001696J,,BRGA818
1697,,BRGA818
00001698B,,BRGA818
00001698C,,BRGA818
00001698D,,BRGA818
00001698E,,BRGA818
00001698F,,BRGA818
00001698G,,BRGA818
00001698H,,BRGA818
00001698I,,BRGA818
00001698J,,BRGA818
00001698K,,BRGA818
00001698L,,BRGA818
00001698M,,BRGA818
00001698N,,BRGA818
00001698O,,BRGA818
00001698P,,BRGA818
00001698Q,,BRGA818
00001698R,,BRGA818
00001698S,,BRGA818
00001698T,,BRGA818
00001698U,,BRGA818
00001699A,,BRGA818
00001699B,,BRGA818
00001699C,,BRGA818
00001699D,,BRGA818
00001699E,,BRGA818
00001699F,,BRGA818
00001699G,,BRGA818
00001699H,,BRGA818
00001699I,,BRGA818
00001699J,,BRGA818
00001699K,,BRGA818
00001699L,,BRGA818
00001699M,,BRGA818
00001699N,,BRGA818
00001699O,,BRGA818
00001700A,,BRGA818
00001700B,,BRGA818
00001700C,,BRGA818
00001700D,,BRGA818
00001700E,,BRGA818
00001700F,,BRGA818
00001700G,,BRGA818
00001700H,,BRGA818
00001701A,,BRGA818
00001701B,,BRGA818
00001701C,,BRGA818
00001701D,,BRGA818
00001701E,,BRGA818
00001701F,,BRGA818
00001701G,,BRGA818
00001701H,,BRGA818
00001701I,,BRGA818
00001701J,,BRGA818
00001701K,,BRGA818
00001701L,,BRGA818
00001702A,,BRGA818
00001702B,,BRGA818
00001702C,,BRGA818
00001702D,,BRGA818
00001702E,,BRGA818
00001702F,,BRGA818
00001702G,,BRGA818
00001702H,,BRGA818
00001702I,,BRGA818
00001702J,,BRGA818
00001703A,,BRGA818
00001703B,,BRGA818
00001703C,,BRGA818
00001703D,,BRGA818
00001703E,,BRGA818
00001704A,,BRGA818
00001704D,,BRGA818
00001705A,,BRGA818
00001705B,,BRGA818
00001705C,,BRGA818
00001705D,,BRGA818
00001705E,,BRGA818
00001705F,,BRGA818
00001706A,,BRGA818
00001706B,,BRGA818
00001706C,,BRGA818
00001706D,,BRGA818
11600,,BRGA818
11602,,BRGA818
11681,,BRGA818
41688,,BRGA818
61602,,BRGA818
61609,,BRGA818
71615,,BRGA818
71654,,BRGA818
101664,,BRGA818
101690,,BRGA818
111607,,BRGA818
01011639A,,BRGA818
1021611,,BRGA818
1021614,,BRGA818
1031616,,BRGA818
01031651A,,BRGA818
01031651B,,BRGA818
01031651C,,BRGA818
01031651D,,BRGA818
01031651E,,BRGA818
1031657,,BRGA818
1031664,,BRGA818
1031665,,BRGA818
1041649,,BRGA818
1041664,,BRGA818
01051650A,,BRGA818
01051650B,,BRGA818
01061613A,,BRGA818
01061613B,,BRGA818
1061617,,BRGA818
1061676,,BRGA818
1071621,,BRGA818
1071631,,BRGA818
1071643,,BRGA818
1081622,,BRGA818
01081637A,,BRGA818
01081637B,,BRGA818
1081647,,BRGA818
1091627,,BRGA818
1091662,,BRGA818
1091678,,BRGA818
1101609,,BRGA818
1101611,,BRGA818
1101615,,BRGA818
1101666,,BRGA818
1101669,,BRGA818
1101676,,BRGA818
1101680,,BRGA818
1101681,,BRGA818
1111674,,BRGA818
2011663,,BRGA818
2051628,,BRGA818
02051647A,,BRGA818
02051647B,,BRGA818
2051682,,BRGA818
2061625,,BRGA818
2061662,,BRGA818
2061676,,BRGA818
2061690,,BRGA818
2071677,,BRGA818
2071686,,BRGA818
2081612,,BRGA818
2091675,,BRGA818
2101689,,BRGA818
2111693,,BRGA818
03021629A,,BRGA818
03021629B,,BRGA818
3031657,,BRGA818
3031675,,BRGA818
3041607,,BRGA818
3051634,,BRGA818
3051675,,BRGA818
3061617,,BRGA818
3071629,,BRGA818
3071641,,BRGA818
3071645,,BRGA818
03071690A,,BRGA818
03071690B,,BRGA818
03071690C,,BRGA818
3091610,,BRGA818
3101631,,BRGA818
3101651,,BRGA818
3101661,,BRGA818
3101663,,BRGA818
03111607A,,BRGA818
03111607B,,BRGA818
3111610,,BRGA818
3111611,,BRGA818
3111614,,BRGA818
3111622,,BRGA818
03111643A,,BRGA818
03111643B,,BRGA818
3111666,,BRGA818
3111668,,BRGA818
4011612,,BRGA818
4011624,,BRGA818
4011647,,BRGA818
4021613,,BRGA818
04021614A,,BRGA818
04021614B,,BRGA818
04021614C,,BRGA818
04021614D,,BRGA818
04021614E,,BRGA818
04021614F,,BRGA818
4021624,,BRGA818
04021631A,,BRGA818
04021631B,,BRGA818
4031638,,BRGA818
4041609,,BRGA818
4051614,,BRGA818
4051623,,BRGA818
4051628,,BRGA818
4051650,,BRGA818
4051667,,BRGA818
04051681A,,BRGA818
04051681B,,BRGA818
4051682,,BRGA818
4061616,,BRGA818
4061620,,BRGA818
4071661,,BRGA818
4081693,,BRGA818
4091614,,BRGA818
4091624,,BRGA818
4101663,,BRGA818
4111603,,BRGA818
4111631,,BRGA818
4111669,,BRGA818
4121610,,BRGA818
5011619,,BRGA818
5011676,,BRGA818
5011691,,BRGA818
5021608,,BRGA818
05021629A,,BRGA818
05021629B,,BRGA818
05021629C,,BRGA818
5021630,,BRGA818
5021653,,BRGA818
05031651A,,BRGA818
05031651B,,BRGA818
05031651C,,BRGA818
05031651D,,BRGA818
05031651E,,BRGA818
05031651F,,BRGA818
05031651G,,BRGA818
5041606,,BRGA818
05041619A,,BRGA818
05041619B,,BRGA818
5041623,,BRGA818
5051620,,BRGA818
5051678,,BRGA818
5061620,,BRGA818
5061626,,BRGA818
5061640,,BRGA818
5061652,,BRGA818
5061662,,BRGA818
5071621,,BRGA818
05071640A,,BRGA818
05071640B,,BRGA818
05081627A,,BRGA818
05081627B,,BRGA818
05081648A,,BRGA818
05081648B,,BRGA818
05091616A,,BRGA818
05091616B,,BRGA818
5101611,,BRGA818
5111602,,BRGA818
05111620A,,BRGA818
05111620B,,BRGA818
5111673,,BRGA818
6011607,,BRGA818
06011640A,,BRGA818
06011640B,,BRGA818
06021610A,,BRGA818
06021610B,,BRGA818
6021663,,BRGA818
6041620,,BRGA818
06051603A,,BRGA818
06051603B,,BRGA818
6051616,,BRGA818
6051622,,BRGA818
6051662,,BRGA818
6061606,,BRGA818
06061613A,,BRGA818
06061613B,,BRGA818
6061619,,BRGA818
6061623,,BRGA818
06071661A,,BRGA818
06071661B,,BRGA818
6081631,,BRGA818
6101612,,BRGA818
6101621,,BRGA818
6111624,,BRGA818
6111653,,BRGA818
7021629,,BRGA818
7031680,,BRGA818
7041638,,BRGA818
7051626,,BRGA818
07051640A,,BRGA818
07051640B,,BRGA818
7051675,,BRGA818
7061607,,BRGA818
7061613,,BRGA818
7061640,,BRGA818
7061661,,BRGA818
7071631,,BRGA818
7071646,,BRGA818
07081613A,,BRGA818
07081613B,,BRGA818
7081614,,BRGA818
7081618,,BRGA818
7081627,,BRGA818
07101610A,,BRGA818
07101610B,,BRGA818
7101664,,BRGA818
7111639,,BRGA818
07121613A,,BRGA818
07121613B,,BRGA818
07121647A,,BRGA818
07121647B,,BRGA818
8011614,,BRGA818
8011657,,BRGA818
8011672,,BRGA818
8021634,,BRGA818
8031641,,BRGA818
8031673,,BRGA818
8041650,,BRGA818
8041672,,BRGA818
8051603,,BRGA818
08051607A,,BRGA818
08051607B,,BRGA818
8051672,,BRGA818
8051681,,BRGA818
08061606A,,BRGA818
08061606B,,BRGA818
8061617,,BRGA818
8061618,,BRGA818
08071639A,,BRGA818
08071639B,,BRGA818
08071639C,,BRGA818
08071640A,,BRGA818
08071640B,,BRGA818
08071640C,,BRGA818
08071640D,,BRGA818
08071643A,,BRGA818
08071643B,,BRGA818
8071661,,BRGA818
8071665,,BRGA818
8071679,,BRGA818
8081606,,BRGA818
8081618,,BRGA818
8081624,,BRGA818
8101692,,BRGA818
8101705,,BRGA818
8121639,,BRGA818
8121704,,BRGA818
9011672,,BRGA818
9021623,,BRGA818
9031627,,BRGA818
9031630,,BRGA818
09031653A,,BRGA818
09031653B,,BRGA818
9041627,,BRGA818
9051677,,BRGA818
9061612,,BRGA818
9061631,,BRGA818
09061636A,,BRGA818
09061636B,,BRGA818
09061636C,,BRGA818
09061636D,,BRGA818
9061705,,BRGA818
9071609,,BRGA818
9071621,,BRGA818
09071643A,,BRGA818
09071643B,,BRGA818
9081607,,BRGA818
9091609,,BRGA818
9091615,,BRGA818
09091619A,,BRGA818
09091619B,,BRGA818
9101615,,BRGA818
9111610,,BRGA818
9111628,,BRGA818
9111629,,BRGA818
09111692A,,BRGA818
09111692B,,BRGA818
9121614,,BRGA818
09121614A,,BRGA818
09121614B,,BRGA818
9121639,,BRGA818
10011605,,BRGA818
10011614,,BRGA818
10011625,,BRGA818
10011626,,BRGA818
10011634A,,BRGA818
10011634B,,BRGA818
10011661,,BRGA818
10021608,,BRGA818
10021653,,BRGA818
10021663,,BRGA818
10021682,,BRGA818
10031603,,BRGA818
10031608A,,BRGA818
10031608B,,BRGA818
10031616,,BRGA818
10031627,,BRGA818
10031637,,BRGA818
10031674,,BRGA818
10031679,,BRGA818
10031694,,BRGA818
10041694,,BRGA818
10051612,,BRGA818
10051638,,BRGA818
10051639,,BRGA818
10051640,,BRGA818
10051645A,,BRGA818
10051645B,,BRGA818
10061601,,BRGA818
10061603,,BRGA818
10061609A,,BRGA818
10061609B,,BRGA818
10061609C,,BRGA818
10061637,,BRGA818
10061676A,,BRGA818
10061676B,,BRGA818
10071605,,BRGA818
10071607,,BRGA818
10071611,,BRGA818
10071640,,BRGA818
10071649,,BRGA818
10071662,,BRGA818
10071671,,BRGA818
10071679,,BRGA818
10081617,,BRGA818
10081636,,BRGA818
10081653,,BRGA818
10081681,,BRGA818
10101607,,BRGA818
10101609,,BRGA818
10101627,,BRGA818
10101653,,BRGA818
10111665,,BRGA818
10111666A,,BRGA818
10111666B,,BRGA818
10111668,,BRGA818
10111682,,BRGA818
10121614,,BRGA818
10121618,,BRGA818
10121626,,BRGA818
10121630,,BRGA818
11011634,,BRGA818
11011694,,BRGA818
11021647,,BRGA818
11021678,,BRGA818
11021680,,BRGA818
11031645,,BRGA818
11041623,,BRGA818
11041669,,BRGA818
11061643,,BRGA818
11081609,,BRGA818
11091599A,,BRGA818
11091599B,,BRGA818
11091599C,,BRGA818
11091606,,BRGA818
11101602,,BRGA818
11101640,,BRGA818
11101661A,,BRGA818
11101661B,,BRGA818
11111640A,,BRGA818
11111640B,,BRGA818
11111666,,BRGA818
11121640,,BRGA818
12011605,,BRGA818
12011610,,BRGA818
12011631,,BRGA818
12011641,,BRGA818
12031616,,BRGA818
12031620,,BRGA818
12031641A,,BRGA818
12031641B,,BRGA818
12031641C,,BRGA818
12031641D,,BRGA818
12031641E,,BRGA818
12031651,,BRGA818
12031690,,BRGA818
12041663,,BRGA818
12051610,,BRGA818
12051640,,BRGA818
12051660,,BRGA818
12051669A,,BRGA818
12051669B,,BRGA818
12051672,,BRGA818
12061608A,,BRGA818
12061608B,,BRGA818
12061631,,BRGA818
12061643A,,BRGA818
12061643B,,BRGA818
12061643C,,BRGA818
12061645A,,BRGA818
12061645B,,BRGA818
12061645C,,BRGA818
12061645D,,BRGA818
12061645E,,BRGA818
12071608,,BRGA818
12071640,,BRGA818
12071676,,BRGA818
12071683,,BRGA818
12071686,,BRGA818
12081609,,BRGA818
12081620,,BRGA818
12081653A,,BRGA818
12081653B,,BRGA818
12081653C,,BRGA818
12081653D,,BRGA818
12081661A,,BRGA818
12081661B,,BRGA818
12081661C,,BRGA818
12081689,,BRGA818
12091629,,BRGA818
12091640,,BRGA818
12101603,,BRGA818
12101613A,,BRGA818
12101613B,,BRGA818
12101613C,,BRGA818
12101620,,BRGA818
12101623,,BRGA818
12101689,,BRGA818
12111605,,BRGA818
12111620,,BRGA818
12121612,,BRGA818
13011630,,BRGA818
13011639A,,BRGA818
13011639B,,BRGA818
13011675,,BRGA818
13011693,,BRGA818
13021603,,BRGA818
13021610,,BRGA818
13021617A,,BRGA818
13021617B,,BRGA818
13021618,,BRGA818
13021651,,BRGA818
13021661A,,BRGA818
13021661B,,BRGA818
13031608,,BRGA818
13041609,,BRGA818
13051633,,BRGA818
13051643,,BRGA818
13051650,,BRGA818
13061608,,BRGA818
13061609,,BRGA818
13061643A,,BRGA818
13061643B,,BRGA818
13071632,,BRGA818
13071634,,BRGA818
13071682,,BRGA818
13071682A,,BRGA818
13071682B,,BRGA818
13071686,,BRGA818
13081608A,,BRGA818
13081608B,,BRGA818
13081635A,,BRGA818
13081635B,,BRGA818
13101604,,BRGA818
13101611,,BRGA818
13101662,,BRGA818
13111646A,,BRGA818
13111646B,,BRGA818
13111646C,,BRGA818
13111660A,,BRGA818
13111660B,,BRGA818
13111660C,,BRGA818
13111660D,,BRGA818
13121611,,BRGA818
13121634A,,BRGA818
13121634B,,BRGA818
14011604,,BRGA818
14011612,,BRGA818
14011617,,BRGA818
14011636,,BRGA818
14011693,,BRGA818
14021617,,BRGA818
14031646,,BRGA818
14031651,,BRGA818
14041605,,BRGA818
14041606A,,BRGA818
14041606B,,BRGA818
14041620A,,BRGA818
14041620B,,BRGA818
14041620C,,BRGA818
14041632A,,BRGA818
14041632B,,BRGA818
14041633A,,BRGA818
14041633B,,BRGA818
14051643,,BRGA818
14061644,,BRGA818
14061679,,BRGA818
14071676,,BRGA818
14081653,,BRGA818
14081664,,BRGA818
14101608,,BRGA818
14101615,,BRGA818
14101625A,,BRGA818
14101625B,,BRGA818
14111609,,BRGA818
14111610,,BRGA818
14111632A,,BRGA818
14111632B,,BRGA818
14111644,,BRGA818
14121601,,BRGA818
15011616,,BRGA818
15011625,,BRGA818
15011644,,BRGA818
15011650A,,BRGA818
15011650B,,BRGA818
15011650C,,BRGA818
15011650D,,BRGA818
15021607A,,BRGA818
15021607B,,BRGA818
15021608,,BRGA818
15021610,,BRGA818
15021642,,BRGA818
15021663,,BRGA818
15021667,,BRGA818
15021682A,,BRGA818
15021682B,,BRGA818
15021682C,,BRGA818
15031610,,BRGA818
15031614A,,BRGA818
15031614B,,BRGA818
15031616,,BRGA818
15031630,,BRGA818
15031682,,BRGA818
15051613,,BRGA818
15051618,,BRGA818
15051628A,,BRGA818
15051628B,,BRGA818
15051663,,BRGA818
15051677,,BRGA818
15061618,,BRGA818
15061644,,BRGA818
15061649,,BRGA818
15071632,,BRGA818
15071641,,BRGA818
15071642,,BRGA818
15071652,,BRGA818
15071666,,BRGA818
15081627,,BRGA818
15081653A,,BRGA818
15081653B,,BRGA818
15091610,,BRGA818
15091650,,BRGA818
15091667,,BRGA818
15101605,,BRGA818
15101610,,BRGA818
15101615,,BRGA818
15101619,,BRGA818
15101624,,BRGA818
15111605,,BRGA818
15111613A,,BRGA818
15111613B,,BRGA818
15111613C,,BRGA818
15111644,,BRGA818
15111678,,BRGA818
15121601,,BRGA818
15121606,,BRGA818
15121607,,BRGA818
15121613,,BRGA818
15121632,,BRGA818
15121666,,BRGA818
16011620,,BRGA818
16011632,,BRGA818
16011636,,BRGA818
16011644A,,BRGA818
16011644B,,BRGA818
16021613,,BRGA818
16021615,,BRGA818
16021668,,BRGA818
16031620A,,BRGA818
16031620B,,BRGA818
16041622,,BRGA818
16051609,,BRGA818
16051612,,BRGA818
16051627,,BRGA818
16061626,,BRGA818
16061628,,BRGA818
16061675,,BRGA818
16061677,,BRGA818
16061684,,BRGA818
16061686,,BRGA818
16061694,,BRGA818
16071605,,BRGA818
16071626A,,BRGA818
16071626B,,BRGA818
16071677,,BRGA818
16071686,,BRGA818
16081600A,,BRGA818
16081600B,,BRGA818
16081613,,BRGA818
16081624,,BRGA818
16081676,,BRGA818
16081681,,BRGA818
16091674A,,BRGA818
16091674B,,BRGA818
16101614,,BRGA818
16101615A,,BRGA818
16101615B,,BRGA818
16101623A,,BRGA818
16101623B,,BRGA818
16111616A,,BRGA818
16111616B,,BRGA818
16121609,,BRGA818
16121632,,BRGA818
16121649,,BRGA818
17011619,,BRGA818
17011623,,BRGA818
17011636A,,BRGA818
17011636B,,BRGA818
17021623A,,BRGA818
17021623B,,BRGA818
17021642A,,BRGA818
17021642B,,BRGA818
17021642C,,BRGA818
17021672,,BRGA818
17051621A,,BRGA818
17051621B,,BRGA818
17051621C,,BRGA818
17061605,,BRGA818
17061613,,BRGA818
17061617,,BRGA818
17071630,,BRGA818
17071680,,BRGA818
17081617,,BRGA818
17081663,,BRGA818
17091626,,BRGA818
17091684,,BRGA818
17091690,,BRGA818
17101603,,BRGA818
17101613,,BRGA818
17101635,,BRGA818
17111615,,BRGA818
17111627,,BRGA818
17111628,,BRGA818
17111644,,BRGA818
17111647,,BRGA818
17121607,,BRGA818
17121611,,BRGA818
17121621,,BRGA818
17121651A,,BRGA818
17121651B,,BRGA818
17121651C,,BRGA818
17121657A,,BRGA818
17121657B,,BRGA818
17121663,,BRGA818
18011652,,BRGA818
18021603A,,BRGA818
18021603B,,BRGA818
18021603C,,BRGA818
18021603D,,BRGA818
18021613,,BRGA818
18021646,,BRGA818
18021647,,BRGA818
18031604,,BRGA818
18031619,,BRGA818
18031640A,,BRGA818
18031640B,,BRGA818
18031640C,,BRGA818
18031664,,BRGA818
18051616,,BRGA818
18051646A,,BRGA818
18051646B,,BRGA818
18051646C,,BRGA818
18061617,,BRGA818
18061636A,,BRGA818
18061636B,,BRGA818
18061644A,,BRGA818
18061644B,,BRGA818
18061644C,,BRGA818
18061661,,BRGA818
18061662,,BRGA818
18071624,,BRGA818
18071686,,BRGA818
18081618,,BRGA818
18081639A,,BRGA818
18081639B,,BRGA818
18081662,,BRGA818
18091601A,,BRGA818
18091601B,,BRGA818
18091610,,BRGA818
18091629,,BRGA818
18091643A,,BRGA818
18091643B,,BRGA818
18101604A,,BRGA818
18101604B,,BRGA818
18101665,,BRGA818
18101666,,BRGA818
18101675,,BRGA818
18101690,,BRGA818
18111609,,BRGA818
18111661,,BRGA818
19011617,,BRGA818
19011632,,BRGA818
19031694,,BRGA818
19041613,,BRGA818
19051611A,,BRGA818
19051611B,,BRGA818
19051683,,BRGA818
19061603,,BRGA818
19061644,,BRGA818
19061645A,,BRGA818
19061645B,,BRGA818
19061668,,BRGA818
19081613,,BRGA818
19081625,,BRGA818
19091600,,BRGA818
19091601,,BRGA818
19091673,,BRGA818
19111612,,BRGA818
19111624,,BRGA818
19111673,,BRGA818
19121670,,BRGA818
20011617,,BRGA818
20011638,,BRGA818
20011673,,BRGA818
20021601A,,BRGA818
20021601B,,BRGA818
20021613,,BRGA818
20021619A,,BRGA818
20021619B,,BRGA818
20021625,,BRGA818
20021642A,,BRGA818
20021642B,,BRGA818
20021672,,BRGA818
20021689,,BRGA818
20031607A,,BRGA818
20031607B,,BRGA818
20031640A,,BRGA818
20031640B,,BRGA818
20031640C,,BRGA818
20041648,,BRGA818
20041683,,BRGA818
20051612,,BRGA818
20051663A,,BRGA818
20051663B,,BRGA818
20061606A,,BRGA818
20061606B,,BRGA818
20061611A,,BRGA818
20061611B,,BRGA818
20061620A,,BRGA818
20061620B,,BRGA818
20061626A,,BRGA818
20061626B,,BRGA818
20061661,,BRGA818
20061683,,BRGA818
20071624,,BRGA818
20071632,,BRGA818
20071665,,BRGA818
20081613,,BRGA818
20081615,,BRGA818
20081624,,BRGA818
20091604,,BRGA818
20101609,,BRGA818
20101637,,BRGA818
20111612,,BRGA818
20111646A,,BRGA818
20111646B,,BRGA818
20111689,,BRGA818
20121601,,BRGA818
20121608,,BRGA818
20121651,,BRGA818
21011614,,BRGA818
21011616,,BRGA818
21011636,,BRGA818
21021613,,BRGA818
21031607,,BRGA818
21031638,,BRGA818
21031643,,BRGA818
21041610,,BRGA818
21041649A,,BRGA818
21041649B,,BRGA818
21041649C,,BRGA818
21061611,,BRGA818
21061612,,BRGA818
21061622,,BRGA818
21061628,,BRGA818
21061640,,BRGA818
21061644,,BRGA818
21061668,,BRGA818
21061682,,BRGA818
21081631,,BRGA818
21091626A,,BRGA818
21091626B,,BRGA818
21101607,,BRGA818
21101623,,BRGA818
21101630,,BRGA818
21101635,,BRGA818
21111604,,BRGA818
21111623,,BRGA818
21111647,,BRGA818
21121630,,BRGA818
22011602,,BRGA818
22011626,,BRGA818
22021600,,BRGA818
22021614,,BRGA818
22021634,,BRGA818
22021638A,,BRGA818
22021638B,,BRGA818
22031611,,BRGA818
22031662,,BRGA818
22041621,,BRGA818
22051618,,BRGA818
22051626,,BRGA818
22051676,,BRGA818
22061609,,BRGA818
22061611,,BRGA818
22061619,,BRGA818
22061628A,,BRGA818
22061628B,,BRGA818
22061645,,BRGA818
22061666,,BRGA818
22061668,,BRGA818
22061676,,BRGA818
22061685,,BRGA818
22071606A,,BRGA818
22071606B,,BRGA818
22081601,,BRGA818
22081607,,BRGA818
22081644A,,BRGA818
22081644B,,BRGA818
22081644C,,BRGA818
22081644D,,BRGA818
22081676,,BRGA818
22091636,,BRGA818
22091666,,BRGA818
22091673,,BRGA818
22091677,,BRGA818
22101601,,BRGA818
22101610A,,BRGA818
22101610B,,BRGA818
22101643A,,BRGA818
22101643B,,BRGA818
22101666,,BRGA818
22111612,,BRGA818
22111613A,,BRGA818
22111613B,,BRGA818
22111631,,BRGA818
22111665,,BRGA818
22121644,,BRGA818
23011622,,BRGA818
23011694,,BRGA818
23021629,,BRGA818
23031622,,BRGA818
23041693,,BRGA818
23051619,,BRGA818
23061607,,BRGA818
23061612,,BRGA818
23061622,,BRGA818
23061627,,BRGA818
23061648,,BRGA818
23061676,,BRGA818
23071618,,BRGA818
23071663,,BRGA818
23091615,,BRGA818
23101602,,BRGA818
23101614,,BRGA818
23101625A,,BRGA818
23101625B,,BRGA818
23111607,,BRGA818
23111616,,BRGA818
23111626,,BRGA818
23111631,,BRGA818
24011622,,BRGA818
24011641,,BRGA818
24011652,,BRGA818
24021620,,BRGA818
24021622A,,BRGA818
24021622B,,BRGA818
24021622C,,BRGA818
24021645,,BRGA818
24031615,,BRGA818
24041626,,BRGA818
24041663,,BRGA818
24051615,,BRGA818
24051622,,BRGA818
24051638,,BRGA818
24051675,,BRGA818
24061604,,BRGA818
24061632,,BRGA818
24061654A,,BRGA818
24061654B,,BRGA818
24061654C,,BRGA818
24061654D,,BRGA818
24061654E,,BRGA818
24061654F,,BRGA818
24061654G,,BRGA818
24061654H,,BRGA818
24061654I,,BRGA818
24061654J,,BRGA818
24061654K,,BRGA818
24061654L,,BRGA818
24061654M,,BRGA818
24061655A,,BRGA818
24061655B,,BRGA818
24061655C,,BRGA818
24061655D,,BRGA818
24061655E,,BRGA818
24061655F,,BRGA818
24061656A,,BRGA818
24061656B,,BRGA818
24061656C,,BRGA818
24061656D,,BRGA818
24061656E,,BRGA818
24061656F,,BRGA818
24061657A,,BRGA818
24061657B,,BRGA818
24061657C,,BRGA818
24061657D,,BRGA818
24061657E,,BRGA818
24061657F,,BRGA818
24061657G,,BRGA818
24061657H,,BRGA818
24061657I,,BRGA818
24061657J,,BRGA818
24061657K,,BRGA818
24061657L,,BRGA818
24061657M,,BRGA818
24061657N,,BRGA818
24061657O,,BRGA818
24061657P,,BRGA818
24061658A,,BRGA818
24061658B,,BRGA818
24061658C,,BRGA818
24061658D,,BRGA818
24061658E,,BRGA818
24061658F,,BRGA818
24061658G,,BRGA818
24061658H,,BRGA818
24061658I,,BRGA818
24061658J,,BRGA818
24061659A,,BRGA818
24061659B,,BRGA818
24061659C,,BRGA818
24061659D,,BRGA818
24061659E,,BRGA818
24061660A,,BRGA818
24061660B,,BRGA818
24061660C,,BRGA818
24061660D,,BRGA818
24061660E,,BRGA818
24061660F,,BRGA818
24061660G,,BRGA818
24061660H,,BRGA818
24061660I,,BRGA818
24061660J,,BRGA818
24061660K,,BRGA818
24061660L,,BRGA818
24061664,,BRGA818
24061666,,BRGA818
24061692A,,BRGA818
24061692B,,BRGA818
24061692C,,BRGA818
24071631,,BRGA818
24071638,,BRGA818
24071692,,BRGA818
24081631A,,BRGA818
24081631B,,BRGA818
24081678,,BRGA818
24091612,,BRGA818
24091637,,BRGA818
24101616,,BRGA818
24101619,,BRGA818
24101636,,BRGA818
24101670,,BRGA818
24111623A,,BRGA818
24111623B,,BRGA818
25011614,,BRGA818
25011652,,BRGA818
25031643,,BRGA818
25041615A,,BRGA818
25041615B,,BRGA818
25041629,,BRGA818
25041630,,BRGA818
25051611,,BRGA818
25051614,,BRGA818
25051628,,BRGA818
25051640,,BRGA818
25051683,,BRGA818
25061626,,BRGA818
25061663,,BRGA818
25061682A,,BRGA818
25061682B,,BRGA818
25071605,,BRGA818
25071649,,BRGA818
25081602,,BRGA818
25081607,,BRGA818
25081625,,BRGA818
25081666,,BRGA818
25091629,,BRGA818
25101601,,BRGA818
25101640,,BRGA818
26011621,,BRGA818
26021618,,BRGA818
26021668,,BRGA818
26021694,,BRGA818
26031613A,,BRGA818
26031613B,,BRGA818
26031613C,,BRGA818
26031619,,BRGA818
26031654,,BRGA818
26031680,,BRGA818
26041604,,BRGA818
26041657,,BRGA818
26051616,,BRGA818
26051641,,BRGA818
26051650A,,BRGA818
26051650B,,BRGA818
26051662,,BRGA818
26061610,,BRGA818
26061625A,,BRGA818
26061625B,,BRGA818
26071606,,BRGA818
26091629,,BRGA818
26091636,,BRGA818
26091666,,BRGA818
26101665,,BRGA818
26111611A,,BRGA818
26111611B,,BRGA818
26111611C,,BRGA818
26111613A,,BRGA818
26111613B,,BRGA818
26111613C,,BRGA818
27011611,,BRGA818
27011612,,BRGA818
27011657A,,BRGA818
27011657B,,BRGA818
27021617,,BRGA818
27031615,,BRGA818
27041627,,BRGA818
27041661,,BRGA818
27051664,,BRGA818
27061624A,,BRGA818
27061624B,,BRGA818
27061631,,BRGA818
27081610,,BRGA818
27081613,,BRGA818
27091612,,BRGA818
27091622,,BRGA818
27101613,,BRGA818
27101638,,BRGA818
27101649,,BRGA818
27111613,,BRGA818
27121611,,BRGA818
27121613,,BRGA818
28011611,,BRGA818
28011621,,BRGA818
28031610,,BRGA818
28041606,,BRGA818
28041629,,BRGA818
28041676,,BRGA818
28051620A,,BRGA818
28051620B,,BRGA818
28051662,,BRGA818
28051682,,BRGA818
28051683,,BRGA818
28061610,,BRGA818
28061618,,BRGA818
28061628,,BRGA818
28061667,,BRGA818
28071618,,BRGA818
28071675A,,BRGA818
28071675B,,BRGA818
28071675C,,BRGA818
28091613,,BRGA818
28091622,,BRGA818
28091651,,BRGA818
28091670A,,BRGA818
28091670B,,BRGA818
28091673,,BRGA818
28091690A,,BRGA818
28091690B,,BRGA818
28101613,,BRGA818
28101639A,,BRGA818
28101639B,,BRGA818
28111606A,,BRGA818
28111606B,,BRGA818
28111613,,BRGA818
29011636A,,BRGA818
29011636B,,BRGA818
29011651A,,BRGA818
29011651B,,BRGA818
29011651C,,BRGA818
29011651D,,BRGA818
29041604,,BRGA818
29051638,,BRGA818
29051646,,BRGA818
29051677,,BRGA818
29061616,,BRGA818
29061618,,BRGA818
29061625,,BRGA818
29061628,,BRGA818
29061653A,,BRGA818
29061653B,,BRGA818
29061673,,BRGA818
29071624,,BRGA818
29081602,,BRGA818
29081627,,BRGA818
29091651,,BRGA818
29091672,,BRGA818
29091705A,,BRGA818
29091705B,,BRGA818
29101639,,BRGA818
30011600A,,BRGA818
30011600B,,BRGA818
30011610,,BRGA818
30011613,,BRGA818
30011614A,,BRGA818
30011614B,,BRGA818
30011614C,,BRGA818
30011637A,,BRGA818
30011637B,,BRGA818
30031621,,BRGA818
30031662,,BRGA818
30041616,,BRGA818
30041620,,BRGA818
30041626A,,BRGA818
30041626B,,BRGA818
30041629,,BRGA818
30051639,,BRGA818
30061610,,BRGA818
30061631,,BRGA818
30061637A,,BRGA818
30061637B,,BRGA818
30061637C,,BRGA818
30061648A,,BRGA818
30061648B,,BRGA818
30071644,,BRGA818
30081610,,BRGA818
30081623,,BRGA818
30081650A,,BRGA818
30081650B,,BRGA818
30081650C,,BRGA818
30081675,,BRGA818
30091616,,BRGA818
30101602,,BRGA818
30101609,,BRGA818
30101610,,BRGA818
30101631,,BRGA818
30101635,,BRGA818
30111611,,BRGA818
30121626,,BRGA818
31011600A,,BRGA818
31011600B,,BRGA818
31011625,,BRGA818
31011626A,,BRGA818
31011626B,,BRGA818
31011674,,BRGA818
31031623,,BRGA818
31031637A,,BRGA818
31031637B,,BRGA818
31051606,,BRGA818
31051617A,,BRGA818
31051617B,,BRGA818
31051640A,,BRGA818
31051640B,,BRGA818
31051677,,BRGA818
31101626,,BRGA818
